"player","position","team","bye_week","points","sd_pts","dropoff","floor","ceiling","points_vor","floor_vor","ceiling_vor","rank","floor_rank","ceiling_rank","position_rank","tier","age","adp","aav","uncertainty","experience"
"Jahmyr Gibbs","RB","DET",6,333,16.5,0.594,309,351,197,197,190,1,2,2,1,"1",24,2.6,60.7,17,3
"Bijan Robinson","RB","ATL",11,332,22.2,37.2,309,361,196,197,200,2,1,1,2,"2",24,2.47,59.4,42,3
"Christian McCaffrey","RB","SF",8,295,12.4,2.02,281,305,159,168,145,3,3,4,3,"2",30,10.4,55.4,4,9
"Jonathan Taylor","RB","IND",13,293,18.9,28.8,266,314,157,154,153,4,4,3,4,"3",27,11.3,52.5,32,6
"Puka Nacua","WR","LAR",11,295,11,9.39,280,309,137,143,126,5,5,7,1,"1",25,6.12,54.2,4,3
"Devon Achane","RB","MIA",6,264,22.4,1.89,238,292,128,126,131,6,9,5,5,"3",24,14.6,40.5,55,3
"Ja'Marr Chase","WR","CIN",6,285,14.1,14.9,271,302,127,134,119,7,7,10,2,"1",26,4.37,61.3,16,5
"James Cook","RB","BUF",7,262,14.3,6.73,247,282,126,134,122,8,6,8,6,"4",26,15.4,45.8,14,4
"Derrick Henry","RB","BAL",13,255,16.1,1.08,242,280,119,129,119,9,8,9,7,"4",32,20.5,43.1,25,10
"Ashton Jeanty","RB","LVR",13,254,23.7,4.43,235,291,118,123,130,10,11,6,8,"4",22,13.5,40.7,66,1
"Chase Brown","RB","CIN",6,250,17.1,5.91,236,270,114,124,110,11,10,11,9,"4",26,21.6,38.6,31,3
"Jaxon Smith-Njigba","WR","SEA",11,270,12.2,11.4,254,284,112,118,101,12,13,13,3,"2",24,12.9,50.8,8,3
"Saquon Barkley","RB","PHI",10,244,12.8,4.57,227,259,108,114,98.7,13,14,14,10,"5",29,16.8,47.1,13,8
"Omarion Hampton","RB","LAC",7,240,19.3,1.44,218,263,103,106,102,14,16,12,11,"5",23,23.9,38,44,1
"Josh Jacobs","RB","GB",11,238,17.5,8.16,219,257,102,107,96,15,15,15,12,"5",28,32,33,39,7
"Amon-Ra St. Brown","WR","DET",6,259,2.53,29.5,257,262,101,120,79.5,16,12,24,4,"3",26,11.2,52,1,5
"Kenneth Walker III","RB","KC",5,230,22.7,3.38,204,253,93.8,91.8,91.8,17,18,16,13,"6",25,27.8,38,65,4
"Kyren Williams","RB","LAR",11,227,8.44,0.55,215,238,90.4,103,76.9,18,17,28,14,"6",25,31,35.3,1,4
"Jeremiyah Love","RB","ARI",14,226,22.4,0.977,197,250,89.9,84.5,88.9,19,22,19,15,"6",21,24.7,49,61,0
"Breece Hall","RB","NYJ",13,225,20,4.09,197,248,88.9,84.3,86.9,20,23,20,16,"6",25,36.4,26,41,4
"Cam Skattebo","RB","NYG",8,221,14.2,0.296,202,239,84.8,89.6,78.6,21,19,26,17,"6",24,50.2,19.6,20,1
"Javonte Williams","RB","DAL",14,221,23.5,6.57,200,251,84.5,87.4,89.8,22,21,18,18,"6",26,53.9,30,62,5
"Trey McBride","TE","ARI",14,213,19.1,17.7,189,234,79.4,72.7,86.9,23,26,21,1,"1",26,24.6,34.5,31,4
"Travis Etienne","RB","NO",8,214,16.6,4.21,201,240,77.9,88.9,79.4,24,20,25,19,"7",27,60.2,25.9,35,5
"Bucky Irving","RB","TB",10,210,21.7,9.95,188,242,73.7,75.7,81.1,25,25,22,20,"7",23,44.9,14.2,59,2
"Drake London","WR","ATL",11,229,30.5,5.19,196,274,71.4,59,90.9,26,34,17,5,"3",25,20.7,37.4,78,4
"Josh Allen","QB","BUF",7,369,14.1,38.7,359,391,66.7,76.2,67.4,27,24,29,1,"1",30,17.8,36.9,1,8
"Justin Jefferson","WR","MIN",6,224,26.8,1.4,198,263,66.2,61,80.5,28,32,23,6,"3",27,15.1,49.5,68,6
"CeeDee Lamb","WR","DAL",14,223,15.9,7.7,208,244,64.8,70.8,60.8,29,28,33,7,"3",27,13.8,50.8,24,6
"Quinshon Judkins","RB","CLE",11,200,25.7,3.94,176,239,63.8,63.4,77.9,30,30,27,21,"8",22,58,18.8,73,1
"Brock Bowers","TE","LVR",13,195,12.8,32.2,175,206,61.6,58.9,58.5,31,35,34,2,"2",23,24.5,32.7,1,2
"D'Andre Swift","RB","CHI",10,196,16.3,2.74,175,217,59.8,62.9,56.6,32,31,35,22,"8",27,57.5,21.9,28,6
"Bhayshul Tuten","RB","JAC",7,193,8.78,1.71,184,204,57.1,71.6,43,34,27,40,23,"8",24,75.2,13,6,1
"Rashee Rice","WR","KC",5,215,23,2.51,193,248,57.1,55.9,65.5,33,36,30,8,"3",26,34.5,27.9,62,3
"TreVeyon Henderson","RB","NE",11,191,20.1,8.68,178,225,55.4,65.7,64.1,35,29,31,24,"8",23,57.2,12.5,52,1
"George Pickens","WR","DAL",14,213,27.2,3.14,189,245,54.6,52.2,61.8,36,37,32,9,"4",25,36.4,30.3,72,4
"A.J. Brown","WR","NE",11,209,21.1,1.23,182,234,51.5,45.2,50.6,37,40,37,10,"4",29,26.9,35.3,54,7
"Chris Olave","WR","NO",8,208,26.3,0.764,175,236,50.3,38.5,53.2,38,44,36,11,"4",26,44.8,29.2,70,4
"Nico Collins","WR","HOU",8,207,15.3,6.7,189,226,49.5,52.1,43.4,39,38,39,12,"4",27,27.1,36.6,26,5
"David Montgomery","RB","HOU",8,183,14.8,10.8,172,207,46.7,60.1,46.5,40,33,38,25,"9",29,64.2,20,27,7
"Zay Flowers","WR","BAL",13,201,17.9,5.24,180,221,42.8,43.5,38.4,41,41,42,13,"4",25,50,20,43,3
"Malik Nabers","WR","NYG",8,196,16.8,3.02,175,218,37.6,37.9,35.4,42,46,45,14,"4",23,30.9,23.9,45,2
"Jaylen Warren","RB","PIT",9,172,10.3,2.1,160,182,35.9,47.3,21.7,43,39,60,26,"9",27,88.5,10.9,3,4
"Garrett Wilson","WR","NYJ",13,193,12,0.661,175,206,34.5,37.8,23.5,44,47,58,15,"5",26,47.2,22.6,18,4
"Emeka Egbuka","WR","TB",10,192,15.7,0.432,172,214,33.9,35.5,30.6,45,52,51,16,"5",23,54.4,19.7,32,1
"Rico Dowdle","RB","PIT",9,170,18.1,1.22,150,194,33.8,37.5,33.5,46,49,47,27,"9",28,86.6,8.7,45,6
"DeVonta Smith","WR","PHI",10,191,11.9,1.29,173,204,33.4,36.6,21.3,47,51,61,17,"5",27,45.1,30.9,12,5
"Tony Pollard","RB","TEN",9,169,11.4,3.95,150,176,32.6,37.5,15.2,48,48,72,28,"10",29,85.8,12.8,7,7
"Tetairoa McMillan","WR","CAR",5,190,16.1,0.808,174,214,32.2,36.9,31.3,49,50,48,18,"5",23,49.5,18.7,34,1
"Jameson Williams","WR","DET",6,189,11.5,1.51,178,207,31.3,41.4,23.9,50,43,57,19,"5",25,62.4,14.4,14,4
"Tee Higgins","WR","CIN",6,188,17.1,1.44,171,206,29.8,34.6,23.4,51,53,59,20,"5",27,46.3,21.4,38,6
"Colston Loveland","TE","CHI",10,163,15.9,7.37,148,187,29.5,31.8,39.6,52,55,41,3,"3",22,58.2,18.1,23,1
"Rhamondre Stevenson","RB","NE",11,165,15,0.469,144,180,28.7,31.3,19.7,53,56,67,29,"10",28,99.7,9.13,24,5
"Davante Adams","WR","LAR",11,186,8.89,7.07,179,201,28.4,42.4,17.6,54,42,68,21,"5",33,60.9,20.6,3,12
"Chuba Hubbard","RB","CAR",5,164,11,1.01,150,175,28.2,38,14.1,55,45,76,30,"10",27,83.1,11.1,15,5
"Lamar Jackson","QB","BAL",13,330,20.1,4.27,311,354,28,28.9,31.1,56,60,50,2,"1",29,33.4,25.4,6,8
"Jadarian Price","RB","SEA",11,163,42.8,0.468,93.3,198,27.2,-18.9,37,57,158,43,31,"10",22,62.7,26.8,97,0
"RJ Harvey","RB","DEN",10,163,20.7,6.21,143,188,26.7,30.3,26.8,58,58,53,32,"10",25,86.5,6.91,72,1
"Brandon Aubrey","K","DAL",14,170,6.74,5.16,160,178,24.4,24.8,20.3,59,65,64,1,"1",31,107,6.62,1,3
"Jayden Daniels","QB","WAS",7,326,17.6,2.78,305,344,23.8,22.3,21,60,69,63,3,"1",25,46.2,13.5,28,2
"Tyler Warren","TE","IND",13,155,12.9,0.00608,139,172,22.1,22.7,24.2,61,68,56,4,"3",24,59.3,15.6,3,1
"Harold Fannin","TE","CLE",11,155,18.6,3.44,134,179,22.1,18.2,31.2,62,75,49,5,"3",22,76.1,7.16,43,1
"Terry McLaurin","WR","WAS",7,179,12.5,0.0772,163,192,21.3,26.1,8.92,63,63,85,22,"5",30,56.3,17.9,19,7
"D.J. Moore","WR","BUF",7,179,23.6,0.136,160,218,21.3,23,34.8,64,67,46,23,"5",29,67,18,66,8
"Rome Odunze","WR","CHI",10,179,15.2,0.697,162,200,21.1,25.5,17.2,65,64,69,24,"5",24,72.3,8.66,28,2
"Jalen Hurts","QB","PHI",10,323,13.9,0.304,307,338,21,24.5,15,66,66,73,4,"1",28,51.6,13.3,14,6
"Drake Maye","QB","NE",11,323,11.1,8.88,313,340,20.7,30.8,16.2,67,57,71,5,"1",23,59,16.2,3,2
"J.K. Dobbins","RB","DEN",10,157,9.66,17.7,142,165,20.5,30,4.17,68,59,96,33,"11",27,106,8.97,11,6
"Ladd McConkey","WR","LAC",7,178,13.1,0.765,170,200,20.4,32.8,16.7,69,54,70,25,"5",24,49.8,16.5,22,2
"Alec Pierce","WR","IND",13,178,14.6,3.53,165,193,19.7,27.8,10.5,70,61,83,26,"5",26,84.3,10.7,31,4
"Kaimi Fairbairn","K","HOU",8,164,11.4,0.768,154,178,19.2,18.3,19.9,71,74,66,2,"1",32,140,2.75,68,10
"Kyle Pitts","TE","ATL",11,152,13.7,8.08,144,174,18.7,27.6,26.7,72,62,54,6,"4",25,83.5,11.8,20,5
"Jason Myers","K","SEA",11,164,13.6,4.75,154,185,18.5,18.1,27.6,73,76,52,3,"1",35,135,2.71,19,NA
"Courtland Sutton","WR","DEN",10,174,16.2,0.0882,158,197,16.1,21.4,13.6,74,70,79,27,"5",30,88.6,8.76,41,8
"Luther Burden","WR","CHI",10,174,31.1,1.92,137,219,16,0,36.1,75,103,44,28,"6",22,64.1,12.3,82,1
"Mike Evans","WR","SF",8,172,13.3,0.109,155,185,14.1,18.5,2.2,76,73,101,29,"6",32,69.8,15.2,23,12
"Jaylen Waddle","WR","DEN",10,172,11.3,6.48,156,186,14,18.8,2.65,77,72,98,30,"6",27,66,22,15,5
"Cameron Dicker","K","LAC",7,159,12.3,11.5,138,165,13.7,2.88,7.54,78,94,88,4,"2",26,134,2.79,39,4
"Jaxson Dart","QB","NYG",8,314,17.9,0.26,293,333,11.8,10.2,10.1,79,84,84,6,"1",23,75,9.31,61,1
"Joe Burrow","QB","CIN",6,313,19.4,7.18,298,337,11.5,15.7,13.7,80,80,78,7,"2",29,44.3,18,19,6
"Tucker Kraft","TE","GB",11,144,16.4,0.713,131,169,10.6,15.4,21,81,81,62,7,"4",25,83.9,11.9,40,3
"Sam LaPorta","TE","DET",6,143,12.5,1.54,133,162,9.86,16.9,14.1,82,78,75,8,"4",25,72,8.62,11,3
"Travis Kelce","TE","KC",5,142,9.86,1.05,131,156,8.33,15.3,8.07,83,82,87,9,"4",36,98.2,5.61,14,13
"Christian Watson","WR","GB",11,165,8.13,0.578,157,175,7.52,20.3,-7.84,84,71,124,31,"6",27,81.8,12.1,5,4
"Dallas Goedert","TE","PHI",10,141,23.1,0.774,113,173,7.28,-3.16,25.3,85,112,55,10,"4",31,115,4.32,77,8
"DK Metcalf","WR","PIT",9,165,14,2.26,148,185,6.94,10.7,1.95,86,83,102,32,"6",28,85,10.8,27,7
"Mark Andrews","TE","BAL",13,140,4.73,6.4,134,145,6.5,17.8,-2.72,87,77,111,11,"4",30,113,4.46,6,8
"Marvin Harrison Jr.","WR","ARI",14,163,16.9,2.24,139,183,4.67,1.94,0,88,97,103,33,"6",23,77.2,6.9,42,2
"Caleb Williams","QB","CHI",10,306,23.4,0.437,280,332,4.37,-2.44,8.68,89,110,86,8,"2",24,79.9,10.4,56,2
"Trevor Lawrence","QB","JAC",7,306,20.8,0.853,284,330,3.93,2.05,6.55,90,96,91,9,"2",26,90.8,11.5,33,5
"Texans","DST","HOU",8,107,15.6,3.44,86.4,127,3.69,-0.812,7.5,91,106,89,1,"1",NA,111,3.98,29,NA
"Dak Prescott","QB","DAL",14,305,15.8,2.1,287,321,3.08,4.68,-2.68,92,89,110,10,"2",33,75.3,11,22,10
"Kyle Monangai","RB","CHI",10,139,19.8,2.82,112,158,2.82,0,-2.9,93,103,112,34,"12",24,103,7.4,51,1
"Brian Thomas Jr.","WR","JAC",7,160,19.5,2.08,140,187,2.43,3.11,4.41,94,92,95,34,"6",23,77.1,5.89,51,2
"Chase McLaughlin","K","TB",10,148,4.46,1.91,143,154,2.25,7.52,-3.74,95,85,115,5,"2",30,155,1.56,6,7
"Bo Nix","QB","DEN",10,303,22.1,0.375,276,328,0.977,-6.04,4.54,96,119,94,11,"2",26,90.6,6.64,50,2
"Justin Herbert","QB","LAC",7,302,19.2,0.602,284,326,0.602,1.67,2.62,97,98,99,12,"2",28,83.8,13.7,36,6
"Parker Washington","WR","JAC",7,158,20.3,0.349,131,179,0.349,-6.27,-3.63,98,124,114,35,"6",24,97.9,9.91,59,3
"Will Reichard","K","MIN",6,146,8.05,0.0628,137,157,0.339,1.37,-0.582,99,99,105,6,"2",25,169,1.34,58,2
"Cam Little","K","JAC",7,146,7.35,0.276,141,158,0.276,5.1,-0.149,100,86,104,7,"2",22,153,2.92,29,2
"Broncos","DST","DEN",10,104,11.3,0.246,90.3,119,0.246,3.1,0,101,93,103,2,"1",NA,103,2.86,16,NA
"George Kittle","TE","SF",8,133,20.3,0.104,112,161,0.104,-4.34,13.3,102,114,80,12,"4",32,89.9,7.54,69,9
"Patrick Mahomes","QB","KC",5,302,17.4,4.63,287,329,0,4.78,5.4,103,87,92,13,"2",30,79,12.4,39,9
"Aaron Jones","RB","MIN",6,136,23.1,0.133,105,163,0,-6.85,2.49,103,125,100,35,"12",31,114,5.42,70,9
"Michael Wilson","WR","ARI",14,158,25.5,2.34,139,198,0,2.12,14.6,103,95,74,36,"6",26,102,7.77,73,3
"Isaiah Likely","TE","NYG",8,133,21.1,3.72,115,161,0,-1.01,13.7,103,108,77,13,"5",26,117,5.13,83,4
"Jake Bates","K","DET",6,145,8.99,0.217,135,158,0,0,0,103,103,103,8,"2",27,161,1.79,32,3
"Seahawks","DST","SEA",11,104,17.2,9.61,87.2,130,0,0,11.2,103,103,81,3,"2",NA,123,2.53,52,NA
"Rachaad White","RB","WAS",7,136,20.1,0.599,105,152,-0.133,-7.41,-8.41,104,126,125,36,"12",27,122,8.1,56,4
"Harrison Mevis","K","LAR",11,145,11.9,0.757,132,156,-0.217,-3.89,-1.72,105,113,108,9,"2",24,168,1.85,71,2
"Jacory Croskey-Merritt","RB","WAS",7,135,6.08,0.00392,128,142,-0.731,15.8,-18.7,106,79,148,37,"12",25,121,5.58,1,1
"Kenneth Gainwell","RB","TB",10,135,27.3,4.32,97.9,161,-0.735,-14.3,0,107,146,103,38,"12",27,113,8.59,83,5
"Tyler Loop","K","BAL",13,144,12.3,1.65,129,161,-0.974,-6.19,2.82,108,122,97,10,"2",25,179,1.97,16,1
"Chris Godwin","WR","TB",10,156,22.9,0.927,132,190,-2.34,-5.25,6.81,109,116,90,37,"7",30,112,8.27,64,9
"Harrison Butker","K","KC",5,143,10.8,0.665,125,153,-2.63,-10,-4.82,110,135,116,11,"2",31,151,1.65,52,9
"Carnell Tate","WR","TEN",9,155,22.5,0.937,128,181,-3.27,-9.2,-1.84,111,132,109,38,"7",21,80.6,26.2,76,0
"Wil Lutz","K","DEN",10,142,5.19,1.91,134,148,-3.29,-1.19,-10,112,109,128,12,"2",32,170,1.51,3,10
"Dalton Kincaid","TE","BUF",7,130,14,1.18,116,148,-3.72,0,0,113,103,103,14,"5",26,121,5.03,51,3
"Wan'Dale Robinson","WR","TEN",9,154,32.9,4.97,121,203,-4.21,-15.3,20,114,149,65,39,"7",25,115,6.11,85,4
"Brock Purdy","QB","SF",8,297,11.6,1.03,283,310,-4.63,0.837,-13.8,115,101,136,14,"2",26,92,7.62,17,4
"Hunter Henry","TE","NE",11,128,8.07,0.344,120,137,-4.9,4,-10.6,116,90,130,15,"5",31,150,2.77,17,10
"Jordan Mason","RB","MIN",6,131,18.8,3.68,112,154,-5.05,-0.471,-6.89,117,104,120,39,"12",27,122,6.84,46,4
"Blake Grupe","K","IND",13,140,13.8,0.244,129,162,-5.2,-6.26,4.55,118,123,93,13,"2",27,165,0,81,3
"Jake Ferguson","TE","DAL",14,128,8.96,2.7,120,140,-5.24,3.8,-7.56,119,91,123,16,"5",27,124,3.58,9,4
"Cairo Santos","K","CHI",10,140,13.1,0.396,122,156,-5.45,-13.9,-1.31,120,145,107,14,"2",34,178,1.41,42,12
"Matthew Stafford","QB","LAR",11,296,17.2,3.71,282,323,-5.66,0,0,121,103,103,15,"3",38,97.2,10.7,69,17
"Matthew Stafford","QB","LAR",11,296,17.2,3.71,282,323,-5.66,0,0,121,103,103,15,"3",38,97.2,10.7,69,17
"Eddy Pineiro","K","SF",8,139,14.7,5.52,115,148,-5.84,-20.7,-10.2,122,163,129,15,"3",30,160,1.4,35,8
"Juwan Johnson","TE","NO",8,125,15.1,5.24,111,142,-7.94,-5.4,-6.01,123,117,118,17,"5",29,155,3.23,54,6
"Blake Corum","RB","LAR",11,127,13.7,5.71,117,149,-8.73,4.69,-11.3,124,88,131,40,"13",25,113,5.7,23,2
"Jakobi Meyers","WR","JAC",7,149,19.1,3.92,127,176,-9.18,-10.2,-7.08,125,136,122,40,"7",29,122,5.12,57,7
"Jared Goff","QB","DET",6,292,20.4,8.27,270,318,-9.37,-12.5,-5.83,126,142,117,16,"3",31,108,6.56,67,10
"Chargers","DST","LAC",7,94,8.81,0.242,86.2,108,-9.61,-0.991,-11.5,127,107,132,4,"2",NA,153,0.9,32,NA
"Rams","DST","LAR",11,93.8,8.43,2.57,84.2,103,-9.85,-3.01,-16,128,111,144,5,"3",NA,115,3.81,13,NA
"Nick Folk","K","ATL",11,134,23,0.926,110,169,-11.4,-25.2,10.9,129,174,82,16,"3",41,167,0,90,19
"Andres Borregales","K","NE",11,133,9.47,2.46,119,144,-12.3,-16.6,-13.7,130,152,135,17,"3",23,168,1.51,61,1
"Bills","DST","BUF",7,91.2,3.85,0.864,87.8,95.5,-12.4,0.6,-23.8,131,102,170,6,"4",NA,153,0.7,1,NA
"Michael Pittman","WR","PIT",9,145,15.5,1.23,120,156,-13.1,-16.9,-27.3,132,154,180,41,"7",28,119,8.71,36,6
"Brenton Strange","TE","JAC",7,120,16,3.59,107,144,-13.2,-9.37,-3.33,133,133,113,18,"6",25,157,3.45,57,3
"Steelers","DST","PIT",9,90.3,3.94,0.00755,86.5,94.6,-13.3,-0.716,-24.7,134,105,174,7,"4",NA,140,1.35,3,NA
"Browns","DST","CLE",11,90.3,9.17,0.0481,81.1,101,-13.3,-6.13,-18.4,135,121,147,8,"4",NA,154,0.967,94,NA
"Lions","DST","DET",6,90.3,10.9,1.36,81.2,107,-13.3,-6.08,-12.4,136,120,133,9,"5",NA,155,0.967,35,NA
"Stefon Diggs","WR","WAS",7,144,6.42,0.819,138,150,-14.3,0.971,-32.8,137,100,202,42,"7",32,147,4.46,35,11
"Jonathon Brooks","RB","CAR",5,122,15.9,5.87,103,141,-14.4,-9.06,-19.6,138,131,155,41,"13",23,107,7.01,85,2
"Vikings","DST","MIN",6,88.9,9.54,0.962,81.3,104,-14.7,-5.91,-15.1,139,118,141,10,"6",NA,147,0.877,58,NA
"Evan McPherson","K","CIN",6,131,17.7,0.0898,103,149,-14.8,-32.5,-8.74,140,189,127,18,"3",27,164,1.38,84,5
"Trey Smack","K","GB",11,130,25.1,0.044,91.3,157,-14.8,-44.1,-1.09,141,213,106,19,"3",23,170,0,99,0
"Jake Elliott","K","PHI",10,130,6.06,0.247,123,137,-14.9,-12.4,-20.6,142,141,158,20,"3",31,149,1.96,10,9
"Jordan Addison","WR","MIN",6,143,22.9,0.0178,115,176,-15.1,-21.5,-7.07,144,166,121,43,"7",24,114,5.59,65,3
"Chris Boswell","K","PIT",9,130,5.83,0.153,123,136,-15.1,-12.1,-22,143,139,162,21,"3",35,142,1.74,13,12
"Tyreek Hill","WR","FA",NA,143,NA,0.378,NA,NA,-15.2,NA,NA,145,NA,NA,44,"7",32,175,5.73,91,10
"Charlie Smyth","K","NO",8,130,12.2,0.407,110,139,-15.3,-25.7,-18.7,146,176,149,22,"3",25,185,0,23,2
"Josh Downs","WR","IND",13,142,9.54,0.227,132,153,-15.5,-4.43,-29.9,147,115,192,45,"7",24,121,5.16,11,3
"Tyler Bass","K","BUF",7,130,17.6,4.51,100,140,-15.7,-35.4,-17.5,149,197,145,23,"3",29,168,1.39,77,6
"Eagles","DST","PHI",10,88,8.63,0.816,78.2,97.9,-15.7,-9,-21.4,148,130,161,11,"7",NA,129,1.39,6,NA
"Quentin Johnston","WR","LAC",7,142,16.5,0.751,124,160,-15.8,-12.8,-22.8,150,143,164,46,"7",24,122,6.15,39,3
"Jayden Reed","WR","GB",11,141,27.9,4.73,101,174,-16.5,-35.8,-8.52,153,198,126,47,"8",26,135,4.32,77,3
"Saints","DST","NO",8,87.1,8.35,0.0118,78.3,98.6,-16.5,-8.98,-20.7,151,129,159,12,"7",NA,172,0,74,NA
"Ravens","DST","BAL",13,87.1,8.95,0.419,77.3,98.1,-16.5,-9.97,-21.2,152,134,160,13,"7",NA,146,1.21,39,NA
"Dalton Schultz","TE","HOU",8,117,9.08,1.36,104,128,-16.8,-12.2,-19.9,154,140,157,19,"6",30,169,1.93,26,8
"Falcons","DST","ATL",11,86.7,11.9,0.95,76.2,105,-16.9,-11.1,-14.7,155,137,140,14,"8",NA,154,0,68,NA
"Baker Mayfield","QB","TB",10,284,23.8,1.06,259,308,-17.6,-23.6,-15.3,156,171,142,17,"3",31,110,6.84,53,8
"Jaguars","DST","JAC",7,85.8,6.79,1.91,79.2,94.2,-17.9,-7.99,-25.1,157,127,175,15,"9",NA,160,0.857,10,NA
"T.J. Hockenson","TE","MIN",6,115,12.8,3.7,103,133,-18.1,-12.9,-14.4,158,144,138,20,"6",29,131,3.62,46,7
"Tyler Shough","QB","NO",8,283,16.7,6.79,260,304,-18.7,-22,-19.3,159,167,152,18,"4",26,123,3.98,47,1
"Patriots","DST","NE",11,83.8,10.9,0.321,69.6,95.7,-19.8,-17.7,-23.6,160,155,169,16,"9",NA,145,1.26,90,NA
"Bears","DST","CHI",10,83.5,7.86,0.887,72.5,91.2,-20.1,-14.7,-28.1,161,147,182,17,"10",NA,151,0.55,55,NA
"Jake Moody","K","WAS",7,125,15.4,1.02,99.2,135,-20.2,-36.2,-23.1,162,200,166,24,"4",26,170,0,87,3
"Zach Charbonnet","RB","SEA",11,116,20.5,0.533,96.6,146,-20.3,-15.7,-14.6,163,151,139,42,"13",25,132,7.06,79,3
"Woody Marks","RB","HOU",8,115,7.99,0.773,104,123,-20.8,-8.04,-37.8,164,128,214,43,"13",25,142,4.4,8,1
"Commanders","DST","WAS",7,82.6,14.2,0.184,64.6,96.2,-21,-22.6,-23.1,165,170,165,18,"10",NA,158,0,84,NA
"Chad Ryland","K","ARI",14,124,4.31,0.87,119,129,-21.2,-16.7,-28.6,167,153,188,25,"4",26,170,0.756,26,3
"Titans","DST","TEN",9,82.5,11.6,0.917,65,90.7,-21.2,-22.3,-28.6,166,169,189,19,"11",NA,184,0,61,NA
"Jordyn Tyson","WR","NO",8,137,35.4,1.29,84.6,177,-21.3,-52.2,-6.13,168,222,119,48,"8",21,100,19.7,93,0
"Tyjae Spears","RB","TEN",9,115,12.6,5.53,96.8,128,-21.6,-15.5,-32.9,169,150,203,44,"13",25,150,3.55,30,3
"Pat Freiermuth","TE","PIT",9,111,7.71,0.967,105,123,-21.8,-11.3,-24.1,170,138,172,21,"6",27,173,2.05,37,5
"Joey Slye","K","TEN",9,123,10.1,0.925,114,134,-22.1,-21.1,-23.4,172,165,168,26,"4",30,170,0,48,7
"Giants","DST","NYG",8,81.5,12.9,0.629,67.5,100,-22.1,-19.7,-19.1,171,161,151,20,"12",NA,163,0.7,71,NA
"Xavier Worthy","WR","KC",5,135,18.8,1.72,105,150,-22.5,-31.7,-33.2,173,187,204,49,"8",23,127,3.29,49,2
"Xavier Worthy","WR","KC",5,135,18.8,1.72,105,150,-22.5,-31.7,-33.2,173,187,204,49,"8",23,127,3.29,49,2
"Xavier Worthy","WR","KC",5,135,18.8,1.72,105,150,-22.5,-31.7,-33.2,173,187,204,49,"8",23,127,3.29,99,2
"Xavier Worthy","WR","KC",5,135,18.8,1.72,105,150,-22.5,-31.7,-33.2,173,187,204,49,"8",23,127,3.29,99,2
"Bengals","DST","CIN",6,80.9,8.05,0.768,72.2,90.8,-22.7,-15,-28.5,174,148,187,21,"13",NA,134,0,65,NA
"Kenyon Sadiq","TE","NYJ",13,111,22.9,3.6,77.8,134,-22.8,-38.2,-13.9,175,204,137,22,"7",21,144,6.11,94,0
"Riley Patterson","K","MIA",6,122,14.2,4.94,102,133,-23,-33,-24.3,176,190,173,27,"4",26,NA,NA,97,5
"Packers","DST","GB",11,80.1,12.9,1,66.4,96.1,-23.5,-20.8,-23.2,177,164,167,22,"14",NA,159,0.833,81,NA
"Romeo Doubs","WR","NE",11,134,17.4,1.99,110,157,-24.3,-26.9,-26.1,178,178,178,50,"8",26,144,4.08,46,4
"Chiefs","DST","KC",5,79.1,8.42,1.06,69.2,87.7,-24.5,-18,-31.6,179,157,197,23,"15",NA,160,1.3,19,NA
"Kyler Murray","QB","MIN",6,276,20.7,6.15,248,304,-25.5,-34.1,-19.3,180,194,153,19,"4",29,116,7.15,75,7
"Colts","DST","IND",13,78.1,7.75,0.0133,67.4,86.6,-25.5,-19.9,-32.7,181,162,201,24,"15",NA,160,0.1,26,NA
"Buccaneers","DST","TB",10,78.1,9.1,0.788,68.3,90.5,-25.5,-19,-28.8,182,159,190,25,"16",NA,149,0.1,45,NA
"Makai Lemon","WR","PHI",10,132,17.6,0.259,118,157,-26.3,-19,-26,183,160,176,51,"8",22,108,21.2,58,0
"Cowboys","DST","DAL",14,77.3,16.6,1.23,56.2,99.7,-26.3,-31,-19.6,184,184,156,26,"17",NA,169,0.1,99,NA
"Chigoziem Okonkwo","TE","WAS",7,107,14.6,1.94,93.9,129,-26.4,-22.1,-18.7,185,168,150,23,"7",26,151,3.09,66,4
"Khalil Shakir","WR","BUF",7,131,7.57,2.34,119,137,-26.5,-17.7,-45.8,186,156,229,52,"8",26,139,3.72,1,4
"Tyrone Tracy","RB","NYG",8,109,16.3,7.8,85.7,129,-27.1,-26.6,-31.8,187,177,198,45,"14",26,139,3.34,37,2
"Panthers","DST","CAR",5,76,8.47,1.26,63.6,82.9,-27.6,-23.6,-36.4,188,172,212,27,"18",NA,170,0,42,NA
"Zane Gonzalez","K","MIA",6,117,13.3,2.15,102,132,-28,-33.6,-26,189,193,177,28,"4",31,170,0,74,9
"Cade Otton","TE","TB",10,105,20,4.03,79.9,128,-28.3,-36.1,-19.5,190,199,154,24,"7",27,188,3.2,71,4
"Cardinals","DST","ARI",14,74.8,13.6,0.107,58.6,90.8,-28.8,-28.6,-28.5,191,181,186,28,"18",NA,154,0,23,NA
"Deebo Samuel","WR","SF",8,129,26.3,3.45,96.6,157,-28.9,-40.2,-26.4,192,207,179,53,"8",56,144,3.19,84,7
"Raiders","DST","LVR",13,74.7,12.6,0.306,59.9,85.7,-28.9,-27.3,-33.6,193,179,207,29,"18",NA,170,0,48,NA
"Dolphins","DST","MIA",6,74.4,15.3,0.889,55.6,89.8,-29.2,-31.6,-29.5,194,186,191,30,"19",NA,170,0,87,NA
"Ryan Fitzgerald","K","CAR",5,115,13.3,3.63,95,127,-30.1,-40.5,-31.2,195,208,195,29,"5",25,170,0,45,1
"Jets","DST","NYJ",13,73.5,16.3,2.38,55.4,91.1,-30.1,-31.9,-28.2,196,188,184,31,"20",NA,170,0,77,NA
"Jordan Love","QB","GB",11,270,16.5,7.38,258,296,-31.6,-24.4,-27.8,197,173,181,20,"4",27,128,4.58,42,6
"Matthew Golden","WR","GB",11,126,18.7,1.28,108,151,-32.3,-28.9,-31.5,198,182,196,54,"8",23,122,1.8,53,1
"AJ Barner","TE","SEA",11,101,12.7,1.64,84.5,115,-32.4,-31.6,-32.7,199,185,200,25,"7",24,169,2.6,49,2
"49ers","DST","SF",8,71.1,18,0,46.5,91.2,-32.5,-40.7,-28.1,200,209,183,32,"20",NA,143,0.75,97,NA
"Rashid Shaheed","WR","SEA",11,124,34.3,2.84,77.3,165,-33.6,-59.4,-17.8,201,233,146,55,"8",27,148,3.3,88,4
"Matt Gay","K","LVR",13,112,16.8,1.99,84.1,124,-33.8,-51.3,-33.3,202,221,205,30,"5",32,159,0,65,7
"Oronde Gadsden","TE","LAC",7,99.3,11.6,3.05,82.5,109,-34,-33.5,-38.1,203,192,217,26,"7",23,167,5.51,60,1
"Isiah Pacheco","RB","DET",6,101,13.9,0.517,87,118,-35,-25.2,-42.4,204,175,223,46,"14",27,131,3.48,34,4
"Alvin Kamara","RB","NO",8,101,21.7,11.5,68.7,126,-35.5,-43.5,-35,205,211,210,47,"15",31,131,3.19,76,9
"Andre Szmyt","K","CLE",11,110,16,5.06,85.8,124,-35.7,-49.6,-33.6,206,220,208,31,"5",27,170,0,55,3
"Jerry Jeudy","WR","CLE",11,122,15.7,0.141,107,146,-36.4,-29.6,-36.9,207,183,213,56,"8",27,157,4.3,47,6
"Theo Wease","WR","MIA",6,121,NA,2.87,NA,NA,-36.6,NA,NA,208,NA,NA,57,"8",25,146,NA,97,1
"Greg Dulcich","TE","MIA",6,96.3,21.9,4.58,61.7,115,-37.1,-54.3,-32.2,209,225,199,27,"8",26,177,2.51,86,4
"Malik Willis","QB","MIA",6,263,17.4,0.602,240,280,-39,-42.4,-43.3,210,210,226,21,"4",27,141,4.68,58,4
"Jalen Coker","WR","CAR",5,119,15.1,4.1,104,137,-39.4,-33.2,-46.1,211,191,231,58,"9",24,153,3.34,30,2
"Sam Darnold","QB","SEA",11,262,16.4,0.303,243,284,-39.6,-39.6,-39.1,212,205,220,22,"4",29,137,6.01,8,8
"C.J. Stroud","QB","HOU",8,262,23.5,8.39,237,292,-39.9,-45.6,-31.1,213,216,194,23,"5",24,136,4.19,44,3
"Jason Sanders","K","NYJ",13,104,34.1,0.618,73.7,134,-40.8,-61.7,-23.9,214,237,171,32,"5",30,139,0,94,8
"Mike Gesicki","TE","CIN",6,91.7,4.17,0.662,87.7,96.5,-41.6,-28.3,-51.1,216,180,238,28,"8",30,207,1.6,29,8
"Gunnar Helm","TE","TEN",9,91,12.5,0.673,78.4,109,-42.3,-37.6,-38.2,217,202,218,29,"8",23,194,2.83,63,1
"David Njoku","TE","LAC",7,90.4,31.3,5.79,61.7,135,-43,-54.3,-13,218,226,134,30,"8",30,158,1.83,89,9
"Calvin Ridley","WR","TEN",9,114,35.4,1.11,67.1,155,-43.5,-69.7,-28.4,219,253,185,59,"9",31,162,2.29,95,8
"Jayden Higgins","WR","HOU",8,113,9.69,0.856,100,123,-44.6,-36.8,-59.8,220,201,251,60,"9",23,155,3.27,9,1
"Tre Tucker","WR","LVR",13,112,7.75,1.11,102,122,-45.5,-35.1,-61.4,221,196,253,61,"9",25,176,3.49,20,3
"KC Concepcion","WR","CLE",11,111,31.7,3.49,64.1,144,-46.6,-72.7,-38.8,222,262,219,62,"9",21,136,13.7,89,0
"Tyler Allgeier","RB","ARI",14,89.1,11.7,0.234,77.2,101,-47,-35,-59.7,223,195,250,48,"15",26,156,3.35,21,4
"Chris Rodriguez","RB","JAC",7,88.9,19.1,4,66,115,-47.2,-46.2,-45.8,224,217,230,49,"15",26,152,3.11,63,3
"Bryce Young","QB","CAR",5,254,25.9,17.5,234,293,-48.3,-48.4,-30.4,225,219,193,24,"6",25,154,4.9,25,3
"Evan Engram","TE","DEN",10,84.6,10.3,1.22,70.8,95,-48.8,-45.2,-52.6,226,215,239,31,"8",31,168,0.95,34,9
"Colby Parkinson","TE","LAR",11,83.3,30.6,5.84,54.7,125,-50,-61.3,-22.3,227,236,163,32,"9",27,198,2.02,91,6
"Jauan Jennings","WR","MIN",6,108,26,0.686,82.1,141,-50.1,-54.7,-42.4,228,227,224,63,"9",29,162,2.38,81,6
"Jalen McMillan","WR","TB",10,107,5.69,2.03,99.1,112,-50.8,-37.7,-70.6,229,203,269,64,"9",24,178,2.3,7,2
"Justice Hill","RB","BAL",13,84.9,14.3,2.21,67.6,103,-51.2,-44.6,-57.9,230,214,247,50,"15",28,198,1.68,75,7
"Jalen Nailor","WR","LVR",13,105,26.4,2.06,74.8,142,-52.8,-61.9,-40.5,231,239,221,65,"9",27,181,2.18,86,4
"Brian Robinson","RB","ATL",11,82.7,9.42,0.668,68.5,90,-53.4,-43.8,-70.7,232,212,272,51,"15",27,154,6.49,10,4
"Ty Johnson","RB","BUF",7,82,7.79,2.79,72.2,91.5,-54.1,-40.1,-69.2,233,206,266,52,"15",28,207,1.09,38,7
"Rashod Bateman","WR","BAL",13,103,16.9,1.36,82.1,122,-54.9,-54.7,-61.1,234,228,252,66,"9",26,175,2.04,55,5
"Terrance Ferguson","TE","LAR",11,77.5,31,3.47,30.3,110,-55.8,-85.7,-38,235,298,216,33,"9",23,162,3.02,97,1
"Malik Washington","WR","MIA",6,102,22.9,1.44,82,133,-56.2,-54.7,-50.4,236,229,236,67,"9",25,179,2.8,80,2
"Dylan Sampson","RB","CLE",11,79.2,17.5,8.24,64.9,102,-56.9,-47.3,-58.3,237,218,248,53,"16",21,173,1.31,49,1
"Kayshon Boutte","WR","NE",11,100,40,2.65,59.6,149,-57.7,-77.2,-33.8,238,273,209,68,"10",24,179,2.13,96,3
"Mason Taylor","TE","NYJ",13,74,20.5,0.633,44.9,97.1,-59.3,-71.1,-50.5,239,257,237,34,"9",22,206,0,80,1
"Jonnu Smith","TE","FA",NA,73.4,NA,5.32,NA,NA,-59.9,NA,NA,241,NA,NA,35,"10",30,112,NA,99,9
"Adonai Mitchell","WR","NYJ",13,97.6,21,5.18,73.9,121,-60.3,-62.9,-61.5,242,242,254,69,"10",23,195,4.63,69,2
"Kareem Hunt","RB","FA",NA,71,NA,0.221,NA,NA,-65.1,NA,NA,244,NA,NA,54,"16",31,NA,NA,87,9
"Dawson Knox","TE","BUF",7,68.1,9.09,2.12,57.5,79.6,-65.2,-58.5,-67.9,245,232,264,36,"10",29,239,0.72,74,7
"Samaje Perine","RB","CIN",6,70.8,13.5,1.58,59.4,86.9,-65.3,-52.8,-73.8,246,224,277,55,"16",30,218,0.973,77,9
"Cooper Kupp","WR","SEA",11,92.5,17.8,0.264,78.7,119,-65.5,-58.1,-64,247,231,260,70,"10",33,168,3.33,61,9
"Jacoby Brissett","QB","ARI",14,236,36.7,1.68,195,288,-65.8,-87.2,-35.3,248,306,211,25,"6",33,158,4.67,78,10
"Antonio Williams","WR","WAS",7,92.2,17.9,0.377,69.3,112,-65.8,-67.5,-70.9,249,247,273,71,"10",22,180,13.8,74,0
"Omar Cooper Jr.","WR","NYJ",13,91.8,33.8,0.673,45.1,133,-66.2,-91.7,-49.9,250,321,235,72,"10",22,163,14.7,92,0
"James Conner","RB","ARI",14,69.2,27.6,0.834,32.4,103,-66.9,-79.8,-57.5,252,283,246,56,"16",31,164,2.13,92,9
"Cam Ward","QB","TEN",9,234,21.2,0.908,215,261,-67.4,-67.5,-62.7,255,246,256,26,"6",24,150,4.17,31,1
"Tank Bigsby","RB","PHI",10,68.4,8.46,1.01,59.7,77.5,-67.8,-52.5,-83.2,256,223,302,57,"16",23,168,2.17,18,3
"Aaron Rodgers","QB","PIT",9,234,30.7,0.942,205,282,-68.3,-77.4,-41,258,275,222,27,"6",42,153,3.84,81,21
"Braelon Allen","RB","NYJ",13,67.4,14.6,0.553,49.7,88.4,-68.8,-62.5,-72.3,259,240,275,58,"16",22,181,1.21,58,2
"Daniel Jones","QB","IND",13,233,70.8,11.5,115,280,-69.3,-167,-43.5,261,473,227,28,"7",29,143,8.06,97,7
"Antonio Gibson","RB","FA",NA,66.8,NA,0.4,NA,NA,-69.3,NA,NA,262,NA,NA,59,"16",56,NA,NA,99,6
"Nick Chubb","RB","FA",NA,66.4,NA,2.38,NA,NA,-69.7,NA,NA,263,NA,NA,60,"16",30,148,NA,94,8
"Mike Washington Jr.","RB","LVR",13,64,10.9,0.337,52.5,78.6,-72.1,-59.7,-82.1,265,234,300,61,"16",23,168,2.74,54,0
"Keaton Mitchell","RB","LAC",7,63.7,13.7,1.49,47.8,81.8,-72.4,-64.4,-78.9,266,244,289,62,"16",24,157,2.2,82,3
"Joe Mixon","RB","FA",NA,62.2,NA,0.604,NA,NA,-73.9,NA,NA,270,NA,NA,63,"17",30,84.8,NA,89,9
"Jordan James","RB","SF",8,61.6,28.4,0.194,38.9,107,-74.5,-73.4,-53.6,272,264,241,64,"17",22,187,3.7,99,1
"Kimani Vidal","RB","LAC",7,61.4,21.2,1.6,33.1,86.8,-74.7,-79.1,-73.9,273,279,278,65,"17",24,191,2.88,80,2
"Najee Harris","RB","FA",NA,59.8,NA,3.93,NA,NA,-76.3,NA,NA,276,NA,NA,66,"17",56,119,NA,86,5
"Ray Davis","RB","BUF",7,55.9,17.4,1.5,31.4,69,-80.2,-80.8,-91.7,289,285,324,67,"17",26,196,1.61,68,2
"Geno Smith","QB","NYJ",13,221,15.3,37.9,204,241,-80.8,-78.7,-81.9,290,278,297,29,"8",35,161,8.19,11,13
"Emari Demercado","RB","KC",5,54.4,22.9,0.261,35,90.7,-81.7,-77.2,-70,295,272,268,68,"17",27,222,0.708,90,3
"Jaylen Wright","RB","MIA",6,54.1,14.1,0.651,36,69.6,-82,-76.2,-91.2,297,269,322,69,"17",23,208,4.69,48,2
"Michael Carter","RB","TEN",9,53.5,18.4,0.833,40.8,66.2,-82.7,-71.4,-94.5,299,259,330,70,"17",27,NA,0.912,96,5
"Malik Davis","RB","DAL",14,52.6,31.7,0.986,25.6,90,-83.5,-86.6,-70.7,302,300,271,71,"17",27,233,1.92,93,4
"Sean Tucker","RB","TB",10,51.6,17.9,0.389,33,73.2,-84.5,-79.3,-87.5,303,282,312,72,"17",24,197,2.28,69,3
"Fernando Mendoza","QB","LVR",13,183,26.7,45.5,147,219,-119,-135,-105,463,470,353,30,"9",22,142,23.5,64,0
"Tua Tagovailoa","QB","ATL",11,138,46.3,15.3,106,211,-164,-176,-113,597,474,378,31,"10",28,158,3.89,86,6
"Michael Penix Jr.","QB","ATL",11,122,68,3.66,41.6,213,-180,-241,-110,598,477,370,32,"10",26,156,3.01,94,2
"Shedeur Sanders","QB","CLE",11,119,26.5,2.87,89.8,152,-183,-193,-171,599,475,476,33,"10",24,175,0.996,89,1
"Deshaun Watson","QB","CLE",11,116,60.9,59.2,54.7,204,-186,-228,-119,600,476,400,34,"11",30,190,2.94,92,9
"Kirk Cousins","QB","LVR",13,56.6,33.1,10.2,38.1,112,-245,-244,-211,601,478,478,35,"12",37,179,4.07,83,14
"Marcus Mariota","QB","WAS",7,46.4,19.9,4.96,25.4,62.3,-255,-257,-261,602,479,483,36,"12",32,NA,1.61,99,11
