Rk,Player,Age,Team,Pos,G,GS,Receiving Tgt,Receiving Rec,Receiving Yds,Receiving 1D,Receiving YBC,Receiving YBC/R,Receiving YAC,Receiving YAC/R,Receiving ADOT,Receiving BrkTkl,Receiving Rec/Br,Receiving Drop,Receiving Drop%,Receiving Int,Receiving Rat,Awards,-additional -9999
18,Davante Adams,32,2TM,WR,14,14,141,85,1063,49,590,6.9,473,5.6,8.2,7,12.1,6,4.3,3,93.8,,AdamDa01
61,DeAndre Hopkins,32,2TM,WR,16,8,80,56,610,35,501,8.9,109,1.9,10.4,3,18.7,2,2.5,2,102.6,,HopkDe00
99,Amari Cooper,30,2TM,WR,14,10,85,44,547,25,436,9.9,111,2.5,12.3,1,44.0,12,14.1,2,77.9,,CoopAm00
143,Diontae Johnson,28,3TM,WR,12,8,67,33,375,21,284,8.6,91,2.8,10.9,1,33.0,3,4.5,5,50.3,,JohnDi01
196,Mike Williams,30,2TM,WR,18,5,34,21,298,14,263,12.5,35,1.7,15.2,0,,2,5.9,2,75.4,,WillMi07
215,Marquez Valdes-Scantling,30,2TM,WR,14,8,44,19,411,14,268,14.1,143,7.5,17.4,1,19.0,2,4.5,1,97.8,,ValdMa00
224,Jonathan Mingo,23,2TM,WR,17,6,42,17,167,6,100,5.9,67,3.9,10.5,1,17.0,2,4.8,1,42.5,,MingJo00
240,Cam Akers,25,2TM,RB,17,2,18,14,68,4,-15,-1.1,83,5.9,-1.5,0,,0,0.0,0,122.0,AP CPoY-19,AkerCa00
246,Josh Reynolds,29,2TM,WR,9,2,24,13,194,8,159,12.2,35,2.7,11.0,0,,0,0.0,0,94.8,,ReynJo00
279,Khalil Herbert,26,2TM,RB,14,1,11,10,25,0,-19,-1.9,44,4.4,-2.1,0,,1,9.1,0,79.2,,HerbKh00
474,Andrew Beck,28,2TM,FB,4,0,2,0,0,0,0,,0,,10.5,0,,0,0.0,0,39.6,,BeckAn01
1,Ja'Marr Chase,24,CIN,WR,17,16,175,127,1708,75,921,7.3,787,6.2,8.7,11,11.5,9,5.1,7,118.9,PBAP-1AP MVP-8AP OPoY-3,ChasJa00
2,Amon-Ra St. Brown,25,DET,WR,17,17,141,115,1263,73,851,7.4,412,3.6,7.7,3,38.3,4,2.8,1,129.4,PBAP-1AP OPoY-11,StxxAm00
3,Brock Bowers,22,LVR,TE,17,16,153,112,1194,61,598,5.3,596,5.3,6.1,6,18.7,6,3.9,5,92.9,PBAP-1AP ORoY-2,BoweBr01
4,Trey McBride,25,ARI,TE,16,16,147,111,1146,63,633,5.7,513,4.6,6.1,5,22.2,3,2.0,1,99.2,PB,McBrTr01
5,Malik Nabers,21,NYG,WR,15,13,170,109,1204,55,742,6.8,462,4.2,9.1,8,13.6,9,5.3,2,93.8,PBAP ORoY-5,NabeMa00
6,Justin Jefferson,25,MIN,WR,17,17,154,103,1533,62,1046,10.2,487,4.7,10.9,5,20.6,5,3.2,5,107.4,PBAP-1AP OPoY-7,JeffJu00
7,CeeDee Lamb,25,DAL,WR,15,15,152,101,1194,54,657,6.5,537,5.3,7.6,11,9.2,7,4.6,6,86.9,PBAP-2,LambCe00
8,Garrett Wilson,24,NYJ,WR,17,17,154,101,1104,60,662,6.6,442,4.4,9.1,7,14.4,7,4.5,5,88.2,,WilsGa00
9,Drake London,23,ATL,WR,17,17,158,100,1271,67,944,9.4,327,3.3,10.9,6,16.7,5,3.2,8,86.2,,LondDr00
10,Jaxon Smith-Njigba,22,SEA,WR,17,16,137,100,1130,57,653,6.5,477,4.8,8.7,4,25.0,5,3.6,4,99.7,PB,SmitJa06
11,D.J. Moore,27,CHI,WR,17,17,140,98,966,43,378,3.9,588,6.0,7.5,5,19.6,3,2.1,3,94.5,,MoorD.00
12,Travis Kelce,35,KAN,TE,16,16,133,97,823,47,482,5.0,341,3.5,6.4,3,32.3,6,4.5,4,83.6,PB,KelcTr00
13,Wan'Dale Robinson,23,NYG,WR,17,7,140,93,699,36,338,3.6,361,3.9,4.8,9,10.3,6,4.3,2,79.4,,RobiWa01
14,Jerry Jeudy,25,CLE,WR,17,16,145,90,1229,57,842,9.4,387,4.3,11.1,0,,13,9.0,3,89.7,PB,JeudJe00
15,Jonnu Smith,29,MIA,TE,17,6,111,88,884,55,374,4.3,510,5.8,4.9,8,11.0,6,5.4,0,123.9,PB,SmitJo01
16,Jakobi Meyers,28,LVR,WR,15,15,129,87,1027,52,734,8.4,293,3.4,9.6,4,21.8,1,0.8,3,92.1,,MeyeJa01
17,Brian Thomas,22,JAX,WR,17,16,133,87,1282,53,720,8.3,562,6.5,11.4,0,,7,5.3,5,106.2,PBAP ORoY-4,ThomBr06
19,Ladd McConkey,23,LAC,WR,16,14,112,82,1149,52,759,9.3,390,4.8,9.9,10,8.2,5,4.5,1,123.0,AP ORoY-9,McCoLa00
20,Terry McLaurin,29,WAS,WR,17,17,117,82,1096,56,804,9.8,292,3.6,13.4,2,41.0,4,3.4,1,133.0,PBAP-2,McLaTe00
21,Tyreek Hill,30,MIA,WR,17,17,123,81,959,54,667,8.2,292,3.6,11.4,1,81.0,2,1.6,3,95.5,,HillTy00
22,Courtland Sutton,29,DEN,WR,17,13,135,81,1081,57,902,11.1,179,2.2,13.2,1,81.0,9,6.7,6,86.7,,SuttCo00
23,Puka Nacua,23,LAR,WR,11,11,106,79,990,47,472,6.0,518,6.6,7.9,10,7.9,1,0.9,1,108.6,,NacuPu00
24,De'Von Achane,23,MIA,RB,17,16,87,78,592,30,-73,-0.9,665,8.5,-0.4,5,15.6,2,2.3,0,118.0,,AchaDe00
25,George Kittle,31,SFO,TE,15,15,94,78,1106,50,584,7.5,522,6.7,8.1,4,19.5,2,2.1,2,135.2,PBAP-2AP OPoY-11,KittGe00
26,Jauan Jennings,27,SFO,WR,15,10,113,77,975,47,737,9.6,238,3.1,9.9,5,15.4,5,4.4,3,101.5,,JennJa00
27,Khalil Shakir,24,BUF,WR,15,9,100,76,821,35,224,2.9,597,7.9,5.5,6,12.7,1,1.0,1,108.8,,ShakKh00
28,Mike Evans,31,TAM,WR,14,14,110,74,1004,53,778,10.5,226,3.1,11.6,2,37.0,4,3.6,5,110.6,PB,EvanMi00
29,Zay Flowers,24,BAL,WR,17,15,116,74,1059,48,596,8.1,463,6.3,10.0,7,10.6,6,5.2,0,104.8,PB,FlowZa00
30,Tee Higgins,25,CIN,WR,12,9,109,73,911,48,683,9.4,228,3.1,9.8,7,10.4,3,2.8,1,119.5,,HiggTe00
31,Josh Downs,23,IND,WR,14,8,107,72,803,40,407,5.7,396,5.5,6.9,3,24.0,5,4.7,3,93.3,,DownJo00
32,Keenan Allen,32,CHI,WR,15,15,121,70,744,43,504,7.2,240,3.4,9.0,1,70.0,6,5.0,0,95.2,,AlleKe00
33,Michael Pittman Jr.,27,IND,WR,16,14,111,69,808,35,549,8.0,259,3.8,11.0,3,23.0,1,0.9,4,78.2,,PittMi01
34,Nico Collins,25,HOU,WR,12,12,99,68,1006,48,641,9.4,365,5.4,10.7,2,34.0,3,3.0,5,104.2,PB,CollNi00
35,Alvin Kamara,29,NOR,RB,14,14,89,68,543,18,1,0.0,542,8.0,0.9,2,34.0,8,9.0,1,94.0,,KamaAl00
36,DeVonta Smith,26,PHI,WR,13,13,89,68,833,42,534,7.9,299,4.4,9.1,0,,2,2.2,3,120.7,,SmitDe07
37,A.J. Brown,27,PHI,WR,13,13,97,67,1079,51,726,10.8,353,5.3,12.1,9,7.4,0,0.0,2,121.5,AP-2,BrowAJ00
38,Cooper Kupp,31,LAR,WR,12,11,100,67,710,28,441,6.6,269,4.0,7.5,2,33.5,2,2.0,0,107.5,,KuppCo00
39,Demario Douglas,24,NWE,WR,17,7,87,66,621,31,262,4.0,359,5.4,5.9,2,33.0,7,8.0,2,97.0,,DougDe00
40,Zach Ertz,34,WAS,TE,17,17,91,66,654,38,467,7.1,187,2.8,7.4,0,,4,4.4,2,109.0,AP CPoY-17,ErtzZa00
41,Hunter Henry,30,NWE,TE,16,16,97,66,674,40,406,6.2,268,4.1,7.0,2,33.0,2,2.1,1,90.3,,HenrHu00
42,D.K. Metcalf,27,SEA,WR,15,12,108,66,992,35,729,11.0,263,4.0,13.1,3,22.0,4,3.7,2,99.0,,MetcDK00
43,Pat Freiermuth,26,PIT,TE,17,11,78,65,653,32,374,5.8,279,4.3,6.1,4,16.3,4,5.1,1,126.1,,FreiPa00
44,Mike Gesicki,29,CIN,TE,17,3,83,65,665,38,420,6.5,245,3.8,7.4,0,,5,6.0,0,108.1,,GesiMi00
45,Darnell Mooney,27,ATL,WR,16,16,106,64,992,48,717,11.2,275,4.3,12.2,6,10.7,6,5.7,2,99.3,,MoonDa00
46,David Njoku,28,CLE,TE,11,11,97,64,505,23,254,4.0,251,3.9,5.2,4,16.0,7,7.2,3,83.1,,NjokDa00
47,Calvin Ridley,30,TEN,WR,17,14,120,64,1017,40,786,12.3,231,3.6,15.3,4,16.0,6,5.0,4,79.1,,RidlCa00
48,Jordan Addison,22,MIN,WR,15,15,99,63,875,39,662,10.5,213,3.4,13.0,3,21.0,2,2.0,2,113.8,,AddiJo00
49,Marvin Harrison Jr.,22,ARI,WR,17,16,116,62,885,43,737,11.9,148,2.4,13.4,0,,5,4.3,4,87.0,,HarrMa09
50,Ray-Ray McCloud,28,ATL,WR,17,13,87,62,686,29,351,5.7,335,5.4,6.8,1,62.0,3,3.4,3,83.8,,McClRa00
51,Elijah Moore,24,CLE,WR,17,13,102,61,538,25,405,6.6,133,2.2,9.3,1,61.0,5,4.9,8,44.5,,MoorEl00
52,Bijan Robinson,22,ATL,RB,17,17,72,61,431,20,-100,-1.6,531,8.7,-0.5,5,12.2,3,4.2,0,96.2,PB,RobiBi01
53,Sam LaPorta,23,DET,TE,16,16,83,60,726,39,383,6.4,343,5.7,7.0,3,20.0,1,1.2,2,116.8,,LaPoSa01
54,Jake Ferguson,25,DAL,TE,14,14,86,59,494,18,185,3.1,309,5.2,4.1,6,9.8,3,3.5,0,83.2,,FergJa00
55,Cade Otton,25,TAM,TE,14,14,87,59,600,31,289,4.9,311,5.3,5.5,6,9.8,8,9.2,3,88.3,,OttoCa00
56,George Pickens,23,PIT,WR,14,12,103,59,900,37,685,11.6,215,3.6,13.3,4,14.8,6,5.8,2,87.8,,PickGe00
57,Xavier Worthy,21,KAN,WR,17,13,98,59,638,36,231,3.9,407,6.9,9.2,0,,7,7.1,2,91.3,,WortXa00
58,Jaylen Waddle,26,MIA,WR,15,15,83,58,744,38,508,8.8,236,4.1,10.0,0,,8,9.6,3,90.6,,WaddJa00
59,Jameson Williams,23,DET,WR,15,11,91,58,1001,41,504,8.7,497,8.6,11.2,2,29.0,3,3.3,3,112.9,AP CPoY-19,WillJa11
60,Breece Hall,23,NYJ,RB,16,16,76,57,483,15,-13,-0.2,496,8.7,0.2,6,9.5,9,11.8,0,104.2,,HallBr03
62,Mark Andrews,29,BAL,TE,17,13,69,55,673,39,485,8.8,188,3.4,10.5,1,55.0,4,5.8,1,140.9,AP CPoY-19,AndrMa00
63,Quentin Johnston,23,LAC,WR,15,11,91,55,711,32,405,7.4,306,5.6,10.8,8,6.9,7,7.7,1,109.7,,JohnQu02
64,Jayden Reed,24,GNB,WR,17,10,75,55,857,29,477,8.7,380,6.9,9.1,3,18.3,9,12.0,0,137.5,,ReedJa03
65,Chase Brown,24,CIN,RB,16,10,65,54,360,23,34,0.6,326,6.0,0.8,2,27.0,2,3.1,0,110.3,,BrowCh10
66,Rome Odunze,22,CHI,WR,17,12,101,54,734,37,481,8.9,253,4.7,13.9,4,13.5,6,5.9,1,82.7,,OdunRo00
67,Dalton Schultz,28,HOU,TE,17,13,85,53,532,26,318,6.0,214,4.0,8.1,0,,4,4.7,1,83.1,,SchuDa00
68,Jahmyr Gibbs,22,DET,RB,17,4,63,52,517,25,-76,-1.5,593,11.4,-0.2,4,13.0,2,3.2,1,115.4,PBAP OPoY-8,GibbJa01
69,Chigoziem Okonkwo,25,TEN,TE,17,11,70,52,479,19,230,4.4,249,4.8,5.9,5,10.4,3,4.3,4,78.2,,OkonCh00
70,Javonte Williams,24,DEN,RB,17,11,70,52,346,14,-49,-0.9,395,7.6,-0.3,4,13.0,7,10.0,0,84.6,,WillJa10
71,Tyler Conklin,29,NYJ,TE,16,15,72,51,449,24,187,3.7,262,5.1,4.9,0,,1,1.4,0,105.6,,ConkTy00
72,Tank Dell,25,HOU,WR,14,10,81,51,667,35,503,9.9,164,3.2,12.5,3,17.0,6,7.4,3,85.8,,DellNa00
73,Aaron Jones,30,MIN,RB,17,17,62,51,408,20,-3,-0.1,411,8.1,0.9,1,51.0,2,3.2,1,98.1,,JoneAa00
74,Deebo Samuel,28,SFO,WR,15,15,81,51,670,28,249,4.9,421,8.3,6.6,8,6.4,6,7.4,1,96.2,,SamuDe00
75,Rachaad White,25,TAM,RB,16,15,57,51,393,18,-123,-2.4,516,10.1,-1.9,3,17.0,0,0.0,0,130.5,,WhitRa01
76,Will Dissly,28,LAC,TE,15,8,64,50,481,24,178,3.6,303,6.1,4.6,4,12.5,4,6.3,0,108.4,,DissWi00
77,Chris Godwin,28,TAM,WR,7,7,62,50,576,33,226,4.5,350,7.0,5.7,4,12.5,2,3.2,1,125.5,,GodwCh00
78,Juwan Johnson,28,NOR,TE,17,5,66,50,548,27,336,6.7,212,4.2,8.2,3,16.7,3,4.5,1,108.6,,JohnJu02
79,Tucker Kraft,24,GNB,TE,17,17,70,50,707,30,251,5.0,456,9.1,5.3,9,5.6,5,7.1,1,131.1,,KrafTu00
80,Xavier Legette,23,CAR,WR,16,13,84,49,497,27,385,7.9,112,2.3,12.3,2,24.5,7,8.3,1,86.3,,LegeXa00
81,Tyler Lockett,32,SEA,WR,17,14,74,49,600,36,466,9.5,134,2.7,10.7,1,49.0,4,5.4,4,77.5,,LockTy00
82,Jalen Tolbert,25,DAL,WR,17,15,79,49,610,29,444,9.1,166,3.4,11.5,0,,3,3.8,2,104.9,,TolbJa00
83,Noah Fant,27,SEA,TE,14,9,64,48,500,25,223,4.6,277,5.8,5.4,2,24.0,1,1.6,3,82.8,,FantNo00
84,Adam Thielen,34,CAR,WR,10,10,62,48,615,28,463,9.6,152,3.2,11.0,1,48.0,2,3.2,4,107.9,,ThieAd00
85,James Conner,29,ARI,RB,16,16,55,47,414,17,-69,-1.5,483,10.3,-1.6,12,3.9,2,3.6,2,88.9,,ConnJa00
86,Stefon Diggs,31,HOU,WR,8,8,64,47,496,31,311,6.6,185,3.9,8.7,3,15.7,3,4.7,1,104.7,,DiggSt00
87,Evan Engram,30,JAX,TE,9,9,64,47,365,17,215,4.6,150,3.2,5.4,0,,4,6.3,0,92.3,,EngrEv00
88,Bucky Irving,22,TAM,RB,17,3,52,47,392,16,-136,-2.9,528,11.2,-2.7,6,7.8,1,1.9,0,98.1,AP ORoY-6,IrviBu00
89,Cole Kmet,25,CHI,TE,17,16,55,47,474,25,293,6.2,181,3.9,7.1,1,47.0,1,1.8,1,119.2,,KmetCo00
90,Kyle Pitts,24,ATL,TE,17,15,74,47,602,21,330,7.0,272,5.8,8.6,4,11.8,4,5.4,4,84.4,,PittKy00
91,Tre Tucker,23,LVR,WR,17,14,81,47,539,24,331,7.0,208,4.4,12.7,3,15.7,2,2.5,1,85.4,,TuckTr00
92,Michael Wilson,24,ARI,WR,16,13,71,47,548,27,418,8.9,130,2.8,11.4,1,47.0,3,4.2,3,90.6,,WilsMi02
93,Romeo Doubs,24,GNB,WR,13,12,72,46,601,33,466,10.1,135,2.9,12.3,4,11.5,7,9.7,2,97.0,,DoubRo00
94,Kenneth Walker III,24,SEA,RB,11,11,53,46,299,19,-64,-1.4,363,7.9,-1.2,5,9.2,2,3.8,1,88.6,,WalkKe00
95,Rashod Bateman,25,BAL,WR,17,14,72,45,756,35,572,12.7,184,4.1,13.6,0,,4,5.6,2,125.9,,BateRa00
96,Austin Hooper,30,NWE,TE,17,8,59,45,476,25,251,5.6,225,5.0,5.8,3,15.0,1,1.7,2,102.1,,HoopAu00
97,Olamide Zaccheaus,27,WAS,WR,17,6,64,45,506,26,222,4.9,284,6.3,6.3,7,6.4,5,7.8,0,109.2,,ZaccOl01
98,Dalton Kincaid,25,BUF,TE,13,9,75,44,448,23,174,4.0,274,6.2,7.5,4,11.0,6,8.0,0,84.7,,KincDa00
100,Kayshon Boutte,22,NWE,WR,15,13,68,43,589,25,439,10.2,150,3.5,14.5,1,43.0,4,5.9,2,93.3,,BoutKa00
101,Chuba Hubbard,25,CAR,RB,15,15,54,43,171,10,-74,-1.7,245,5.7,-1.2,7,6.1,2,3.7,0,86.0,,HubbCh01
102,Tutu Atwell,25,LAR,WR,17,5,62,42,562,29,436,10.4,126,3.0,11.2,0,,3,4.8,2,82.9,,AtweTu00
103,Zach Charbonnet,23,SEA,RB,17,6,52,42,340,6,-37,-0.9,377,9.0,-0.9,0,,0,0.0,1,92.3,,CharZa00
104,Dallas Goedert,29,PHI,TE,10,10,52,42,496,20,239,5.7,257,6.1,6.8,2,21.0,1,1.9,1,111.2,,GoedDa00
105,Justice Hill,27,BAL,RB,15,0,51,42,383,17,-55,-1.3,438,10.4,-0.5,5,8.4,2,3.9,1,109.4,,HillJu00
106,Isaiah Likely,24,BAL,TE,16,9,58,42,477,26,221,5.3,256,6.1,8.0,3,14.0,2,3.4,0,131.2,,LikeIs00
107,D'Andre Swift,25,CHI,RB,17,17,52,42,386,12,-19,-0.5,405,9.6,0.0,2,21.0,3,5.8,1,89.6,,SwifDA00
108,T.J. Hockenson,27,MIN,TE,10,9,62,41,455,30,310,7.6,145,3.5,8.4,1,41.0,2,3.2,2,74.3,AP CPoY-19,HockTJ00
109,Tony Pollard,27,TEN,RB,16,16,57,41,238,9,17,0.4,221,5.4,0.1,2,20.5,8,14.0,1,72.1,,PollTo00
110,Devaughn Vele,27,DEN,WR,13,7,55,41,475,26,348,8.5,127,3.1,8.4,0,,3,5.5,0,118.4,,VeleDe00
111,Ameer Abdullah,31,LVR,RB,16,3,47,40,261,16,9,0.2,252,6.3,0.7,2,20.0,0,0.0,0,111.1,,AbduAm00
112,Jordan Akins,32,CLE,TE,17,6,58,40,390,20,213,5.3,177,4.4,6.0,1,40.0,1,1.7,1,91.9,,AkinJo00
113,Noah Gray,25,KAN,TE,17,10,49,40,437,25,227,5.7,210,5.3,6.2,0,,2,4.1,2,120.8,,GrayNo00
114,Brenton Strange,24,JAX,TE,17,10,53,40,411,21,228,5.7,183,4.6,6.4,3,13.3,3,5.7,0,109.9,,StraBr00
115,Tyler Boyd,30,TEN,WR,16,8,57,39,390,20,201,5.2,189,4.8,7.4,2,19.5,3,5.3,3,65.7,,BoydTy00
116,Rico Dowdle,26,DAL,RB,16,15,49,39,249,13,-23,-0.6,272,7.0,-0.1,3,13.0,2,4.1,0,108.2,,DowdRi01
117,Travis Etienne,25,JAX,RB,15,15,52,39,254,13,-42,-1.1,296,7.6,0.2,4,9.8,2,3.8,1,76.9,,EtieTr00
118,Marvin Mims,22,DEN,WR,17,2,52,39,503,14,26,0.7,477,12.2,7.4,0,,3,5.8,2,127.3,PBAP-1,MimsMa00
119,Josh Palmer,25,LAC,WR,15,7,65,39,584,28,483,12.4,101,2.6,15.2,0,,4,6.2,1,88.2,,PalmJo00
120,Darius Slayton,27,NYG,WR,16,13,71,39,573,30,449,11.5,124,3.2,13.1,4,9.8,4,5.6,2,79.1,,SlayDa01
121,Dontayvion Wicks,23,GNB,WR,17,5,76,39,415,25,276,7.1,139,3.6,10.7,3,13.0,9,11.8,2,78.6,,WickDo00
122,Tyrone Tracy Jr.,25,NYG,RB,17,12,53,38,284,13,3,0.1,281,7.4,0.3,6,6.3,5,9.4,1,82.6,,TracTy00
123,Jaylen Warren,26,PIT,RB,15,0,47,38,310,16,-5,-0.1,315,8.3,-0.1,5,7.6,1,2.1,0,94.1,,WarrJa01
124,Greg Dortch,26,ARI,WR,17,4,50,37,342,16,48,1.3,294,7.9,4.1,5,7.4,3,6.0,0,112.2,,DortGr01
125,Jerome Ford,25,CLE,RB,14,6,43,37,225,10,-69,-1.9,294,7.9,-0.3,7,5.3,1,2.3,0,88.5,,FordJe00
126,Allen Lazard,29,NYJ,WR,12,10,60,37,530,29,375,10.1,155,4.2,11.0,0,,6,10.0,2,109.7,,LazaAl00
127,Jalen McMillan,23,TAM,WR,13,12,58,37,461,23,328,8.9,133,3.6,12.2,1,37.0,4,6.9,6,88.4,,McMiJa01
128,Alec Pierce,24,IND,WR,16,13,69,37,824,32,706,19.1,118,3.2,21.5,0,,3,4.3,4,106.2,,PierAl00
129,Calvin Austin III,25,PIT,WR,17,8,58,36,548,18,396,11.0,152,4.2,12.4,1,36.0,3,5.2,0,116.2,,AustCa00
130,Najee Harris,26,PIT,RB,17,17,48,36,283,13,-46,-1.3,329,9.1,-1.5,7,5.1,4,8.3,0,89.1,,HarrNa00
131,Andrei Iosivas,25,CIN,WR,17,8,61,36,479,26,412,11.4,67,1.9,11.2,0,,5,8.2,1,109.9,,IosiAn00
132,Josh Jacobs,26,GNB,RB,17,17,43,36,342,15,-61,-1.7,403,11.2,-1.0,13,2.8,0,0.0,1,97.9,PBAP OPoY-11,JacoJo01
133,Alexander Mattison,26,LVR,RB,14,7,48,36,294,13,-20,-0.6,314,8.7,-0.1,6,6.0,2,4.2,2,79.7,,MattAl01
134,Joe Mixon,28,HOU,RB,14,14,52,36,309,12,-51,-1.4,360,10.0,-0.5,6,6.0,4,7.7,0,90.9,PB,MixoJo00
135,David Montgomery,27,DET,RB,14,14,38,36,341,16,-24,-0.7,365,10.1,-0.5,11,3.3,0,0.0,0,104.1,,MontDa01
136,Noah Brown,28,WAS,WR,11,9,56,35,453,21,370,10.6,83,2.4,11.4,0,,4,7.1,1,86.4,,BrowNo00
137,Austin Ekeler,29,WAS,RB,12,6,41,35,366,14,-58,-1.7,424,12.1,-1.4,4,8.8,2,4.9,0,103.9,AP-2,EkelAu00
138,Kyren Williams,24,LAR,RB,16,16,40,34,182,6,-13,-0.4,195,5.7,-0.7,2,17.0,1,2.5,0,102.3,AP OPoY-11,WillKy02
139,Saquon Barkley,27,PHI,RB,16,16,43,33,278,12,33,1.0,245,7.4,1.9,6,5.5,2,4.7,0,108.5,PBAP-1AP MVP-3AP OPoY-1AP CPoY-14,BarkSa00
140,Tim Patrick,31,DET,WR,16,9,44,33,394,20,253,7.7,141,4.3,10.0,2,16.5,1,2.3,2,105.7,AP CPoY-6,PatrTi00
141,Ja'Tavion Sanders,21,CAR,TE,16,8,43,33,342,13,152,4.6,190,5.8,6.2,1,33.0,2,4.7,0,106.9,,SandJa01
142,Rhamondre Stevenson,26,NWE,RB,15,14,41,33,168,8,-69,-2.1,237,7.2,-1.0,3,11.0,1,2.4,0,91.9,,StevRh00
144,Jalen Coker,23,CAR,WR,11,4,46,32,478,23,307,9.6,171,5.3,11.3,2,16.0,0,0.0,1,108.8,,CokeJa01
145,James Cook,25,BUF,RB,16,16,38,32,258,14,-2,-0.1,260,8.1,0.9,0,,2,5.3,0,112.5,PB,CookJa01
146,J.K. Dobbins,26,LAC,RB,13,11,38,32,153,6,-51,-1.6,204,6.4,-1.2,1,32.0,2,5.3,0,83.4,AP CPoY-2,DobbJK00
147,David Moore,29,CAR,WR,17,5,57,32,351,18,291,9.1,60,1.9,10.8,1,32.0,4,7.0,0,92.1,,MoorDa03
148,Foster Moreau,27,NOR,TE,17,17,43,32,413,21,255,8.0,158,4.9,9.2,2,16.0,0,0.0,1,133.2,,MoreFo00
149,Chris Olave,24,NOR,WR,8,8,44,32,400,22,279,8.7,121,3.8,10.3,1,32.0,2,4.5,2,89.2,,OlavCh00
150,Sterling Shepard,31,TAM,WR,14,5,51,32,334,16,235,7.3,99,3.1,9.3,1,32.0,4,7.8,0,88.2,,ShepSt00
151,Parker Washington,22,JAX,WR,17,7,51,32,390,19,282,8.8,108,3.4,11.2,2,16.0,1,2.0,1,97.7,,WashPa01
152,Nick Westbrook-Ikhine,27,TEN,WR,17,9,60,32,497,25,373,11.7,124,3.9,11.5,2,16.0,4,6.7,3,99.8,,WestNi00
153,Mack Hollins,31,BUF,WR,17,13,50,31,378,25,288,9.3,90,2.9,11.1,0,,3,6.0,0,118.6,,HollMa00
154,Lil'Jordan Humphrey,26,DEN,WR,17,7,45,31,293,12,101,3.3,192,6.2,6.5,3,10.3,3,6.7,2,75.5,,HumpLi01
155,Ricky Pearsall,24,SFO,WR,11,4,46,31,400,19,286,9.2,114,3.7,11.4,1,31.0,0,0.0,3,89.0,,PearRi00
156,Demarcus Robinson,30,LAR,WR,17,17,64,31,505,27,434,14.0,71,2.3,14.2,1,31.0,1,1.6,4,85.7,,RobiDe01
157,Curtis Samuel,28,BUF,WR,14,2,46,31,253,9,93,3.0,160,5.2,4.6,1,31.0,1,2.2,1,79.3,,SamuCu00
158,KaVontae Turpin,28,DAL,WR,17,2,52,31,420,18,160,5.2,260,8.4,8.5,2,15.5,2,3.8,2,82.2,PBAP-1,TurpKa00
159,AJ Barner,22,SEA,TE,17,6,38,30,245,18,81,2.7,164,5.5,3.6,1,30.0,3,7.9,1,117.7,,BarnAJ00
160,Dyami Brown,25,WAS,WR,16,3,40,30,308,13,90,3.0,218,7.3,7.1,4,7.5,2,5.0,0,105.0,,BrowDy00
161,Colby Parkinson,25,LAR,TE,17,9,49,30,294,15,134,4.5,160,5.3,5.3,1,30.0,2,4.1,0,84.9,,ParkCo02
162,Tyjae Spears,23,TEN,RB,12,1,35,30,224,9,-31,-1.0,255,8.5,-1.2,4,7.5,1,2.9,0,102.9,,SpeaTy00
163,Keon Coleman,21,BUF,WR,13,12,57,29,556,22,341,11.8,215,7.4,15.2,4,7.3,4,7.0,2,93.9,,ColeKe02
164,Theo Johnson,23,NYG,TE,12,11,43,29,331,16,182,6.3,149,5.1,6.7,1,29.0,5,11.6,1,88.4,,JohnTh00
165,Cedric Tillman,24,CLE,WR,11,6,49,29,339,15,235,8.1,104,3.6,11.1,4,7.3,3,6.1,2,83.6,,TillCe01
166,Christian Watson,25,GNB,WR,15,15,53,29,620,21,471,16.2,149,5.1,17.8,0,,2,3.8,2,93.3,,WatsCh00
167,Kendrick Bourne,29,NWE,WR,12,9,38,28,305,13,211,7.5,94,3.4,9.3,0,,4,10.5,0,105.7,,BourKe00
168,Troy Franklin,21,DEN,WR,16,6,53,28,263,11,100,3.6,163,5.8,13.0,1,28.0,3,5.7,1,71.5,,FranTr00
169,Jalen Nailor,25,MIN,WR,17,7,42,28,414,22,308,11.0,106,3.8,11.5,0,,4,9.5,0,138.3,,NailJa00
170,Samaje Perine,29,KAN,RB,17,0,35,28,322,15,9,0.3,313,11.2,0.3,3,9.3,1,2.9,0,114.5,,PeriSa00
171,Josh Whyle,25,TEN,TE,17,4,37,28,248,14,105,3.8,143,5.1,5.6,1,28.0,1,2.7,0,102.1,,WhylJo01
172,Christian Kirk,28,JAX,WR,8,7,47,27,379,18,266,9.9,113,4.2,13.7,1,27.0,1,2.1,2,72.9,,KirkCh01
173,Luke Schoonmaker,26,DAL,TE,17,6,36,27,241,11,144,5.3,97,3.6,5.5,0,,0,0.0,0,101.7,,SchoLu00
174,Brandin Cooks,31,DAL,WR,10,9,54,26,259,19,204,7.8,55,2.1,11.7,0,,1,1.9,2,65.3,,CookBr00
175,Tyler Johnson,26,LAR,WR,15,2,41,26,291,10,108,4.2,183,7.0,5.6,0,,1,2.4,2,72.3,,JohnTy00
176,Malik Washington,23,MIA,WR,14,3,36,26,223,13,100,3.8,123,4.7,5.4,1,26.0,2,5.6,0,88.1,,WashMa00
177,Brandon Aiyuk,26,SFO,WR,7,7,47,25,374,19,267,10.7,107,4.3,11.9,2,12.5,4,8.5,2,61.8,,AiyuBr00
178,Grant Calcaterra,26,PHI,TE,17,13,30,24,298,15,172,7.2,126,5.3,7.3,0,,0,0.0,0,119.2,,CalcGr00
179,Van Jefferson,28,PIT,WR,17,12,40,24,276,12,198,8.3,78,3.3,11.6,0,,0,0.0,0,97.5,,JeffVa00
180,Jaleel McLaughlin,24,DEN,RB,16,5,27,24,76,3,-91,-3.8,167,7.0,-3.8,1,24.0,0,0.0,0,103.9,,McLaJa00
181,John Metchie,24,HOU,WR,13,3,37,24,254,11,185,7.7,69,2.9,9.0,0,,0,0.0,1,82.5,,MetcJo00
182,Rashee Rice,24,KAN,WR,4,4,29,24,288,15,102,4.3,186,7.8,5.2,4,6.0,1,3.4,1,116.7,,RiceRa01
183,Miles Sanders,27,CAR,RB,11,2,30,24,148,5,-2,-0.1,150,6.3,1.4,1,24.0,0,0.0,1,84.4,,SandMi01
184,Antonio Gibson,26,NWE,RB,17,3,29,23,206,11,-7,-0.3,213,9.3,1.8,3,7.7,1,3.4,2,67.5,,GibsAn00
185,Taysom Hill,34,NOR,TE,8,8,31,23,187,8,50,2.2,137,6.0,3.5,2,11.5,2,6.5,0,89.0,,HillTa00
186,Kareem Hunt,29,KAN,RB,13,8,32,23,176,10,-40,-1.7,216,9.4,-1.9,4,5.8,0,0.0,0,84.9,,HuntKa00
187,Adonai Mitchell,22,IND,WR,17,7,55,23,312,16,211,9.2,101,4.4,14.1,0,,4,7.3,0,60.6,,MitcAd00
188,Zack Moss,27,CIN,RB,8,6,27,23,187,11,-7,-0.3,194,8.4,0.1,3,7.7,1,3.7,0,107.9,,MossZa00
189,Tommy Tremble,24,CAR,TE,12,11,32,23,234,12,109,4.7,125,5.4,5.7,1,23.0,1,3.1,1,100.3,,TremTo00
190,Dawson Knox,28,BUF,TE,16,13,33,22,311,12,217,9.9,94,4.3,8.8,0,,1,3.0,1,94.4,,KnoxDa00
191,Josh Oliver,27,MIN,TE,15,12,28,22,258,14,129,5.9,129,5.9,7.8,0,,2,7.1,0,140.8,,OlivJo00
192,Justin Watson,28,KAN,WR,17,7,32,22,289,13,221,10.0,68,3.1,15.1,0,,2,6.3,0,117.8,,WatsJu01
193,Jordan Whittington,24,LAR,WR,15,3,28,22,293,14,90,4.1,203,9.2,3.8,1,22.0,0,0.0,0,110.3,,WhitJo04
194,Michael Mayer,23,LVR,TE,11,8,32,21,156,8,95,4.5,61,2.9,6.2,2,10.5,2,6.3,0,77.1,,MayeMi00
195,Devin Singletary,27,NYG,RB,15,5,24,21,119,4,-59,-2.8,178,8.5,-2.8,1,21.0,1,4.2,2,52.6,,SingDe00
197,Erick All,24,CIN,TE,9,6,22,20,158,8,71,3.6,87,4.4,3.4,1,20.0,1,4.5,0,96.6,,AllxEr00
198,Gabriel Davis,25,JAX,WR,10,9,42,20,239,13,200,10.0,39,2.0,13.2,0,,0,0.0,2,61.5,,DaviGa01
199,Elijah Higgins,24,ARI,TE,17,6,24,20,172,10,82,4.1,90,4.5,4.5,3,6.7,1,4.2,0,124.3,,HiggEl00
200,Brian Robinson Jr.,25,WAS,RB,14,13,25,20,159,4,-20,-1.0,179,9.0,-0.9,1,20.0,0,0.0,1,76.5,,RobiBr01
201,Drew Sample,28,CIN,TE,17,15,22,20,109,8,28,1.4,81,4.1,1.5,1,20.0,0,0.0,0,102.5,,SampDr00
202,Rashid Shaheed,26,NOR,WR,6,5,41,20,349,12,243,12.2,106,5.3,17.6,0,,0,0.0,4,63.0,,ShahRa00
203,Cedrick Wilson Jr.,29,NOR,WR,15,4,27,20,211,8,122,6.1,89,4.5,7.3,1,20.0,3,11.1,1,93.3,,WilsCe01
204,Robert Woods,32,HOU,WR,15,4,30,20,203,12,130,6.5,73,3.7,9.6,0,,1,3.3,0,85.8,,WoodRo02
205,Braelon Allen,20,NYJ,RB,17,2,27,19,148,8,-15,-0.8,163,8.6,-0.2,2,9.5,4,14.8,0,95.9,,AlleBr05
206,Jahan Dotson,24,PHI,WR,17,6,33,19,216,12,144,7.6,72,3.8,9.9,0,,0,0.0,0,77.3,,DotsJa00
207,Derrick Henry,30,BAL,RB,17,17,22,19,193,11,-23,-1.2,216,11.4,-1.1,8,2.4,1,4.5,0,133.5,PBAP-2AP OPoY-4,HenrDe00
208,Tanner Hudson,30,CIN,TE,11,0,23,19,154,9,57,3.0,97,5.1,4.3,0,,1,4.3,0,109.1,,HudsTa00
209,Kyle Juszczyk,33,SFO,FB,17,15,31,19,200,8,107,5.6,93,4.9,6.0,0,,1,3.2,1,88.1,PBAP-2,JuszKy00
210,Lucas Krull,26,DEN,TE,13,2,23,19,152,7,85,4.5,67,3.5,5.1,2,9.5,0,0.0,0,94.2,,KrulLu00
211,Raheem Mostert,32,MIA,RB,13,1,23,19,161,10,15,0.8,146,7.7,0.6,2,9.5,0,0.0,0,95.8,,MostRa00
212,Johnny Mundt,30,MIN,TE,17,3,27,19,142,8,59,3.1,83,4.4,4.1,2,9.5,2,7.4,0,107.3,,MundJo00
213,Dare Ogunbowale,30,HOU,RB,17,1,28,19,198,8,30,1.6,168,8.8,1.7,0,,2,7.1,0,100.0,,OgunDa00
214,Darnell Washington,23,PIT,TE,17,9,25,19,200,9,74,3.9,126,6.6,4.3,2,9.5,0,0.0,1,95.4,,WashDa03
216,Ty Johnson,27,BUF,RB,17,1,25,18,284,14,114,6.3,170,9.4,8.2,1,18.0,0,0.0,0,149.0,,JohnTy02
217,Luke McCaffrey,23,WAS,WR,17,4,24,18,168,8,71,3.9,97,5.4,7.1,1,18.0,1,4.2,2,59.0,,McCaLu00
218,Jeremy Ruckert,24,NYJ,TE,17,9,28,18,105,6,21,1.2,84,4.7,3.4,0,,2,7.1,0,71.3,,RuckJe00
219,JuJu Smith-Schuster,28,KAN,WR,14,8,26,18,231,11,76,4.2,155,8.6,5.6,4,4.5,2,7.7,1,106.4,,SmitJu00
220,Jonathan Taylor,25,IND,RB,14,13,31,18,136,7,-14,-0.8,150,8.3,-0.3,2,9.0,3,9.7,1,66.1,PBAP CPoY-19,TaylJo02
221,Ray Davis,25,BUF,RB,17,0,19,17,189,8,25,1.5,164,9.6,0.8,0,,0,0.0,0,147.7,,DaviRa04
222,Kalif Raymond,30,DET,WR,12,2,22,17,215,10,78,4.6,137,8.1,8.0,0,,0,0.0,0,137.5,AP-2,RaymKa00
223,Nick Vannett,31,TEN,TE,17,10,20,17,135,7,25,1.5,110,6.5,1.1,0,,0,0.0,1,113.5,,VannNi00
225,Emari Demercado,25,ARI,RB,13,0,20,16,104,3,9,0.6,95,5.9,1.3,1,16.0,0,0.0,0,88.3,,DemeEm00
226,Kenneth Gainwell,25,PHI,RB,17,1,22,16,116,5,8,0.5,108,6.8,1.0,4,4.0,0,0.0,0,84.7,,GainKe00
227,Roschon Johnson,23,CHI,RB,14,0,20,16,104,6,8,0.5,96,6.0,0.6,4,4.0,0,0.0,0,88.3,,JohnRo07
228,Trey Sermon,25,IND,RB,17,3,19,16,99,3,0,0.0,99,6.2,0.3,1,16.0,1,5.3,0,88.4,,SermTr00
229,Stone Smartt,26,LAC,TE,15,2,19,16,208,11,142,8.9,66,4.1,10.1,0,,2,10.5,0,112.3,,SmarSt00
230,DJ Turner,27,LVR,WR,12,6,29,16,158,9,75,4.7,83,5.2,8.8,2,8.0,1,3.4,2,53.5,,TurnDJ00
231,Isaac Guerendo,24,SFO,RB,16,3,16,15,152,7,45,3.0,107,7.1,3.1,1,15.0,0,0.0,0,106.2,,GuerIs00
232,Christian McCaffrey,28,SFO,RB,4,4,19,15,146,6,48,3.2,98,6.5,3.2,1,15.0,0,0.0,1,76.8,,McCaCh01
233,Cade Stover,24,HOU,TE,15,9,22,15,133,5,39,2.6,94,6.3,5.4,2,7.5,1,4.5,0,99.2,,StovCa00
234,Nate Adkins,25,DEN,TE,17,10,15,14,115,6,39,2.8,76,5.4,4.1,1,14.0,0,0.0,0,138.2,,AdkiNa00
235,Nelson Agholor,31,BAL,WR,14,7,29,14,231,10,146,10.4,85,6.1,13.4,1,14.0,4,13.8,0,98.5,,AghoNe00
236,Daniel Bellinger,24,NYG,TE,17,8,17,14,125,8,72,5.1,53,3.8,5.1,0,,0,0.0,0,97.3,,BellDa00
237,Kylen Granson,26,IND,TE,17,6,31,14,182,8,73,5.2,109,7.8,11.3,0,,1,3.2,2,37.3,,GranKy00
238,Pierre Strong,26,CLE,RB,14,0,22,14,104,3,-19,-1.4,123,8.8,0.3,2,7.0,2,9.1,0,74.8,,StroPi00
239,Mason Tipton,24,NOR,WR,11,1,26,14,99,2,72,5.1,27,1.9,12.4,1,14.0,1,3.8,0,62.8,,TiptMa00
241,Tyler Allgeier,24,ATL,RB,17,0,13,13,88,2,-5,-0.4,93,7.2,-0.4,2,6.5,0,0.0,0,94.9,,AllgTy00
242,Jake Bobo,26,SEA,WR,17,3,17,13,107,8,80,6.2,27,2.1,8.1,0,,1,5.9,0,111.6,,BoboJa00
243,Derius Davis,24,LAC,WR,15,2,17,13,112,5,-7,-0.5,119,9.2,3.8,1,13.0,0,0.0,0,132.5,,DaviDe02
244,Adam Trautman,27,DEN,TE,17,14,22,13,188,8,90,6.9,98,7.5,5.5,0,,1,4.5,0,117.2,,TrauAd00
245,Brock Wright,26,DET,TE,17,8,16,13,100,7,25,1.9,75,5.8,5.1,1,13.0,0,0.0,1,106.2,,WrigBr01
247,Mo Alie-Cox,31,IND,TE,17,13,22,12,147,7,98,8.2,49,4.1,9.6,0,,1,4.5,1,71.6,,AlieMo00
248,Jalen Brooks,24,DAL,WR,14,1,30,12,177,8,140,11.7,37,3.1,13.5,1,12.0,1,3.3,2,43.3,,BrooJa03
249,Ezekiel Elliott,29,DAL,RB,15,2,15,12,69,3,-28,-2.3,97,8.1,-1.8,1,12.0,0,0.0,0,85.8,,ElliEz00
250,Luke Farrell,27,JAX,TE,17,8,17,12,67,4,37,3.1,30,2.5,4.8,1,12.0,1,5.9,1,52.8,,FarrLu00
251,Mecole Hardman,26,KAN,WR,12,0,14,12,90,6,-9,-0.8,99,8.3,-1.0,0,,0,0.0,0,93.5,,HardMe00
252,Julian Hill,24,MIA,TE,16,11,19,12,100,5,42,3.5,58,4.8,6.3,3,4.0,2,10.5,0,76.6,,HillJu02
253,Xavier Hutchinson,24,HOU,WR,16,3,26,12,117,6,80,6.7,37,3.1,9.7,0,,2,7.7,1,43.3,,HutcXa00
254,D'Ernest Johnson,28,JAX,RB,14,1,19,12,96,3,-5,-0.4,101,8.4,0.4,0,,0,0.0,1,53.8,,JohnDE04
255,Hunter Luepke,24,DAL,RB,16,4,16,12,111,5,27,2.3,84,7.0,2.4,0,,0,0.0,0,93.5,,LuepHu00
256,Ryan Miller,24,TAM,WR,11,3,20,12,128,7,73,6.1,55,4.6,8.8,0,,2,10.0,1,91.2,,MillRy01
257,Jordan Mims,25,NOR,RB,11,0,18,12,71,4,-9,-0.8,80,6.7,0.2,1,12.0,2,11.1,0,74.1,,MimsJo00
258,Isiah Pacheco,25,KAN,RB,7,6,16,12,79,4,-40,-3.3,119,9.9,-1.4,1,12.0,1,6.3,0,85.2,,PachIs00
259,Trey Palmer,23,TAM,WR,15,3,22,12,172,7,130,10.8,42,3.5,14.5,0,,1,4.5,0,95.3,,PalmTr00
260,Cordarrelle Patterson,33,PIT,RB,13,1,14,12,80,5,24,2.0,56,4.7,3.0,1,12.0,0,0.0,1,84.5,,PattCo00
261,Dante Pettis,29,NOR,WR,8,0,28,12,120,8,84,7.0,36,3.0,10.1,2,6.0,1,3.6,0,67.6,,PettDa00
262,Ja'Lynn Polk,22,NWE,WR,15,7,33,12,87,4,74,6.2,13,1.1,11.5,0,,4,12.1,1,52.5,,PolkJa00
263,Kevin Austin,24,NOR,WR,8,2,22,11,151,10,114,10.4,37,3.4,11.6,0,,2,9.1,1,53.4,,AustKe00
264,Chris Brooks,24,GNB,RB,15,0,13,11,69,2,-26,-2.4,95,8.6,-1.7,1,11.0,1,7.7,0,88.8,,BrooCh00
265,Michael Carter,25,ARI,RB,3,1,11,11,57,2,-16,-1.5,73,6.6,-1.5,2,5.5,0,0.0,0,88.3,,CartMi03
266,Payne Durham,24,TAM,TE,16,6,14,11,115,5,91,8.3,24,2.2,8.9,0,,0,0.0,0,140.5,,DurhPa00
267,Devin Duvernay,27,JAX,WR,13,1,16,11,79,7,16,1.5,63,5.7,11.4,0,,1,6.3,1,53.9,,DuveDe00
268,Tyler Goodson,24,IND,RB,16,0,15,11,61,3,-6,-0.5,67,6.1,1.3,2,5.5,2,13.3,0,102.4,,GoodTy00
269,Alec Ingold,28,MIA,FB,15,10,12,11,96,3,20,1.8,76,6.9,2.1,0,,0,0.0,0,100.0,,IngoAl01
270,Jordan Mason,25,SFO,RB,12,6,14,11,91,5,32,2.9,59,5.4,3.7,1,11.0,0,0.0,0,93.7,,MasoJo00
271,Eric Saubert,30,SFO,TE,17,3,14,11,97,5,62,5.6,35,3.2,5.2,0,,1,7.1,0,119.3,,SaubEr00
272,Tylan Wallace,25,BAL,WR,17,0,12,11,193,5,65,5.9,128,11.6,6.1,1,11.0,1,8.3,0,146.5,,WallTy00
273,Emanuel Wilson,25,GNB,RB,17,0,14,11,48,3,-51,-4.6,99,9.0,-4.5,1,11.0,0,0.0,0,104.8,,WilsEm00
274,Michael Burton,32,DEN,FB,17,2,10,10,65,3,24,2.4,41,4.1,2.4,0,,0,0.0,0,127.1,,BurtMi00
275,Ryan Flournoy,25,DAL,WR,11,1,14,10,102,5,68,6.8,34,3.4,8.2,0,,1,7.1,0,92.0,,FlouRy00
276,Eric Gray,25,NYG,RB,17,0,11,10,82,3,-21,-2.1,103,10.3,-2.0,1,10.0,1,9.1,0,97.7,,GrayEr01
277,Jamycal Hasty,28,NWE,RB,15,0,12,10,59,2,-13,-1.3,72,7.2,-1.3,1,10.0,0,0.0,0,114.9,,HastJa02
278,Malik Heath,24,GNB,WR,13,1,13,10,97,5,74,7.4,23,2.3,6.5,0,,0,0.0,0,136.9,,HeatMa00
280,Odell Beckham Jr.,32,MIA,WR,9,0,18,9,55,3,41,4.6,14,1.6,7.6,0,,1,5.6,1,33.3,,BeckOd00
281,Marquise Brown,27,KAN,WR,2,1,15,9,91,5,45,5.0,46,5.1,8.2,0,,0,0.0,0,77.4,,BrowMa04
282,Harrison Bryant,26,LVR,TE,13,3,12,9,86,5,15,1.7,71,7.9,3.4,2,4.5,0,0.0,1,59.7,,BryaHa00
283,DeAndre Carter,31,CHI,WR,13,0,14,9,72,3,40,4.4,32,3.6,11.1,2,4.5,0,0.0,1,47.3,,CartDe02
284,Jamison Crowder,31,WAS,WR,6,1,13,9,72,4,61,6.8,11,1.2,8.3,0,,0,0.0,1,90.4,,CrowJa00
285,Isaiah Davis,22,NYJ,RB,17,0,12,9,75,4,0,0.0,75,8.3,1.3,0,,1,8.3,0,118.4,,DaviIs00
286,Rakim Jarrett,23,TAM,WR,10,2,11,9,124,5,106,11.8,18,2.0,11.5,0,,0,0.0,0,113.6,,JarrRa00
287,Charlie Kolar,25,BAL,TE,13,3,11,9,131,4,55,6.1,76,8.4,6.0,0,,0,0.0,0,146.6,,KolaCh00
288,Jeremy McNichols,29,WAS,RB,17,1,12,9,27,1,-6,-0.7,33,3.7,1.6,0,,0,0.0,0,77.1,,McNiJe00
289,Bub Means,23,NOR,WR,7,1,15,9,118,7,98,10.9,20,2.2,11.3,0,,1,6.7,0,107.1,,MeanBu00
290,Andrew Ogletree,26,IND,TE,17,6,14,9,109,6,59,6.6,50,5.6,10.7,0,,1,7.1,1,82.1,,OgleAn00
291,Durham Smythe,29,MIA,TE,17,4,17,9,53,1,37,4.1,16,1.8,5.5,0,,1,5.9,0,59.2,,SmytDu00
292,Brevyn Spann-Ford,25,DAL,TE,17,0,14,9,88,6,35,3.9,53,5.9,5.9,0,,0,0.0,0,81.8,,SpanBr00
293,Sean Tucker,23,TAM,RB,17,0,12,9,109,6,4,0.4,105,11.7,0.6,1,9.0,0,0.0,0,130.2,,TuckSe00
294,Jamaal Williams,29,NOR,RB,14,1,11,9,57,3,4,0.4,53,5.9,-1.3,0,,0,0.0,0,88.3,,WillJa06
295,John Bates,27,WAS,TE,17,6,13,8,84,3,35,4.4,49,6.1,4.8,1,8.0,1,7.7,0,80.3,,BateJo00
296,Pharaoh Brown,30,SEA,TE,15,7,12,8,65,2,35,4.4,30,3.8,4.2,1,8.0,1,8.3,0,80.2,,BrowPh01
297,Gerald Everett,30,CHI,TE,17,4,13,8,36,1,-5,-0.6,41,5.1,2.8,2,4.0,1,7.7,0,65.9,,EverGe00
298,Tyler Higbee,31,LAR,TE,3,3,12,8,66,5,18,2.3,48,6.0,2.2,0,,0,0.0,0,120.1,,HigbTy00
299,Hayden Hurst,31,LAC,TE,9,2,13,8,73,2,53,6.6,20,2.5,4.8,0,,2,15.4,0,76.8,,HursHa00
300,Jalin Hyatt,23,NYG,WR,16,3,19,8,62,3,56,7.0,6,0.8,19.1,0,,2,10.5,2,11.2,,HyatJa00
301,Zay Jones,29,ARI,WR,11,2,11,8,84,5,65,8.1,19,2.4,8.6,0,,0,0.0,1,56.6,,JoneZa00
302,Bo Melton,25,GNB,WR,17,0,17,8,91,5,84,10.5,7,0.9,17.8,0,,0,0.0,1,39.1,,MeltBo00
303,Trent Sherfield,28,MIN,WR,17,1,9,8,83,4,43,5.4,40,5.0,6.0,0,,0,0.0,1,102.5,,SherTr00
304,Tank Bigsby,23,JAX,RB,16,1,12,7,54,1,-10,-1.4,64,9.1,-1.1,1,7.0,2,16.7,1,34.7,,BigsTa00
305,Blake Corum,24,LAR,RB,17,1,8,7,58,5,-7,-1.0,65,9.3,-0.6,1,7.0,1,12.5,0,96.9,,CoruBl00
306,Britain Covey,27,PHI,WR,5,1,8,7,34,2,6,0.9,28,4.0,1.1,0,,1,12.5,0,84.4,,CoveBr00
307,River Cracraft,30,MIA,WR,8,0,9,7,66,4,55,7.9,11,1.6,7.9,0,,1,11.1,0,97.2,,CracRi00
308,Tucker Fisk,25,LAC,TE,9,5,8,7,39,1,18,2.6,21,3.0,2.5,0,,0,0.0,0,87.0,,FiskTu00
309,KhaDarel Hodge,29,ATL,WR,17,2,12,7,131,6,42,6.0,89,12.7,10.8,0,,1,8.3,0,124.0,PB,HodgKh00
310,Hunter Long,26,LAR,TE,17,2,9,7,60,2,30,4.3,30,4.3,3.4,0,,1,11.1,0,94.4,,LongHu00
311,Luke Musgrave,24,GNB,TE,7,3,10,7,45,2,27,3.9,18,2.6,6.6,0,,0,0.0,1,39.6,,MusgLu00
312,K.J. Osborn,27,NWE,WR,7,4,18,7,57,2,41,5.9,16,2.3,5.9,0,,1,5.6,0,66.2,,OsboKJ00
313,Brandon Powell,29,MIN,WR,17,1,10,7,71,5,59,8.4,12,1.7,10.1,0,,0,0.0,0,90.0,,PoweBr00
314,Jalen Reagor,25,LAC,WR,8,2,12,7,100,3,74,10.6,26,3.7,10.3,0,,0,0.0,0,85.4,,ReagJa00
315,Ainias Smith,23,PHI,WR,7,1,9,7,41,1,18,2.6,23,3.3,1.3,0,,0,0.0,0,122.7,,SmitAi00
316,Carson Steele,22,KAN,RB,17,3,11,7,26,0,-17,-2.4,43,6.1,-1.5,3,2.3,0,0.0,0,67.6,,SteeCa00
317,Charlie Woerner,27,ATL,TE,16,5,12,7,46,3,25,3.6,21,3.0,2.9,0,,1,8.3,1,31.9,,WoerCh00
318,Michael Woods II,24,CLE,WR,5,2,17,7,65,4,30,4.3,35,5.0,11.0,1,7.0,2,11.8,1,27.8,,WoodMi00
319,Davis Allen,23,LAR,TE,15,5,13,6,39,2,18,3.0,21,3.5,3.8,0,,2,15.4,0,53.0,,AlleDa02
320,Trey Benson,21,ARI,RB,13,1,6,6,59,3,-19,-3.2,78,13.0,-3.2,2,3.0,0,0.0,0,107.6,,BensTr01
321,Parris Campbell,27,PHI,WR,5,0,8,6,30,1,21,3.5,9,1.5,4.3,0,,0,0.0,0,119.8,,CampPa00
322,Ty Chandler,26,MIN,RB,17,0,6,6,42,2,-11,-1.8,53,8.8,-1.8,0,,0,0.0,0,95.8,,ChanTy01
323,Chris Conley,32,SFO,WR,15,2,12,6,76,3,57,9.5,19,3.2,17.4,0,,0,0.0,1,35.4,,ConlCh00
324,Simi Fehoko,27,LAC,WR,8,2,16,6,106,6,90,15.0,16,2.7,14.8,0,,2,12.5,0,60.9,,FehoSi00
325,D'Onta Foreman,28,CLE,RB,11,3,8,6,54,1,6,1.0,48,8.0,0.9,1,6.0,2,25.0,0,92.7,,ForeDO00
326,Xavier Gipson,23,NYJ,WR,17,0,10,6,39,3,17,2.8,22,3.7,11.2,0,,1,10.0,0,101.7,,GipsXa00
327,Connor Heyward,25,PIT,TE,17,5,8,6,40,3,33,5.5,7,1.2,8.4,0,,2,25.0,0,125.0,,HeywCo00
328,Sincere McCormick,24,LVR,RB,5,2,7,6,29,2,0,0.0,29,4.8,0.4,0,,0,0.0,0,83.9,,McCoSi00
329,Bryce Oliver,24,TEN,WR,10,1,9,6,95,4,69,11.5,26,4.3,10.6,0,,0,0.0,0,101.6,,OlivBr02
330,MyCole Pruitt,32,PIT,TE,12,5,10,6,40,2,24,4.0,16,2.7,2.7,0,,0,0.0,1,62.5,,PruiMy00
331,Tip Reiman,23,ARI,TE,17,9,7,6,37,1,8,1.3,29,4.8,1.7,1,6.0,0,0.0,0,88.7,,ReimTi00
332,Zamir White,25,LVR,RB,8,5,8,6,30,2,-20,-3.3,50,8.3,-3.1,2,3.0,1,12.5,0,80.2,,WhitZa01
333,Blake Whiteheart,24,CLE,TE,11,2,9,6,51,2,41,6.8,10,1.7,9.0,0,,0,0.0,1,78.7,,WhitBl01
334,Nick Chubb,29,CLE,RB,8,8,11,5,31,3,0,0.0,31,6.2,-0.5,0,,0,0.0,2,43.2,AP CPoY-8,ChubNi00
335,Devin Culp,24,TAM,TE,5,0,6,5,88,4,57,11.4,31,6.2,12.2,0,,0,0.0,0,118.7,,CulpDe00
336,Greg Dulcich,24,DEN,TE,4,3,12,5,28,0,13,2.6,15,3.0,5.9,0,,2,16.7,0,49.3,,DulcGr00
337,Audric Estime,21,DEN,RB,13,1,5,5,27,2,-10,-2.0,37,7.4,-2.0,0,,0,0.0,0,89.2,,EstiAu00
338,Cam Grandy,24,CIN,TE,8,6,5,5,28,1,12,2.4,16,3.2,2.4,0,,0,0.0,0,90.0,,GranCa00
339,C.J. Ham,31,MIN,FB,17,3,6,5,35,1,6,1.2,29,5.8,0.2,0,,0,0.0,0,91.0,,HamxC.00
340,Peyton Hendershot,25,KAN,TE,7,1,5,5,51,2,19,3.8,32,6.4,3.8,0,,0,0.0,0,109.2,,HendPe01
341,Kendre Miller,22,NOR,RB,6,2,8,5,33,2,0,0.0,33,6.6,0.4,0,,2,25.0,0,71.4,,MillKe01
342,Scott Miller,27,PIT,WR,13,1,9,5,69,2,36,7.2,33,6.6,11.8,1,5.0,1,11.1,0,80.3,,MillSc01
343,Quintin Morris,25,BUF,TE,16,3,8,5,36,3,14,2.8,22,4.4,9.3,0,,1,12.5,0,112.5,,MorrQu00
344,Ronnie Rivers,25,LAR,RB,17,0,6,5,34,1,-24,-4.8,58,11.6,-4.3,0,,0,0.0,0,90.3,,RiveRo01
345,Laviska Shenault Jr.,26,SEA,WR,11,1,5,5,36,2,-10,-2.0,46,9.2,-2.0,0,,0,0.0,0,96.7,,ShenLa00
346,Ben Sinnott,22,WAS,TE,17,2,5,5,28,2,9,1.8,19,3.8,1.8,0,,0,0.0,0,129.6,,SinnBe00
347,Ben Skowronek,27,PIT,WR,10,1,5,5,69,4,40,8.0,29,5.8,8.0,0,,0,0.0,0,118.7,,SkowBe00
348,Kimani Vidal,23,LAC,RB,10,0,9,5,62,2,25,5.0,37,7.4,5.3,0,,3,33.3,0,114.1,,VidaKi00
349,Johnny Wilson,23,PHI,WR,16,4,15,5,38,3,23,4.6,15,3.0,9.8,0,,1,6.7,0,64.6,,WilsJo03
350,Kenny Yeboah,26,NYJ,TE,9,1,8,5,47,3,13,2.6,34,6.8,4.6,0,,2,25.0,0,118.2,,YeboKe00
351,Treylon Burks,24,TEN,WR,5,2,8,4,34,3,29,7.3,5,1.3,16.9,1,4.0,2,25.0,1,21.9,,BurkTr00
352,Jermaine Burton,23,CIN,WR,14,1,14,4,107,4,85,21.3,22,5.5,21.1,0,,1,7.1,0,58.9,,BurtJe01
353,DJ Chark,28,LAC,WR,7,0,10,4,31,1,24,6.0,7,1.8,11.5,0,,0,0.0,0,81.7,,CharDJ00
354,Jacob Cowing,23,SFO,WR,15,0,6,4,80,3,54,13.5,26,6.5,12.7,0,,0,0.0,1,70.1,,CowiJa00
355,Will Mallory,25,IND,TE,10,0,8,4,29,1,25,6.3,4,1.0,8.6,1,4.0,0,0.0,1,19.3,,MallWi00
356,Scott Matlock,24,LAC,FB/DL,17,11,5,4,28,1,5,1.3,23,5.8,1.4,0,,1,20.0,0,90.0,,MatlSc00
357,Will Shipley,22,PHI,RB,16,1,4,4,35,2,7,1.8,28,7.0,1.8,0,,0,0.0,0,103.1,,ShipWi00
358,Ben Sims,24,GNB,TE,17,5,5,4,42,1,26,6.5,16,4.0,8.0,0,,0,0.0,0,101.7,,SimsBe00
359,Deven Thompkins,25,CAR,WR,7,0,4,4,20,2,-8,-2.0,28,7.0,-2.0,0,,0,0.0,0,87.5,,ThomDe07
360,Tyquan Thornton,24,NWE,WR,6,1,8,4,47,2,23,5.8,24,6.0,15.8,1,4.0,0,0.0,1,28.6,,ThorTy00
361,Alex Bachman,28,LVR,WR,6,1,3,3,31,2,21,7.0,10,3.3,7.0,0,,0,0.0,0,109.7,,BachAl00
362,Tyler Badie,24,DEN,RB,3,0,3,3,-2,0,-6,-2.0,4,1.3,-2.0,0,,0,0.0,0,79.2,,BadiTy00
363,David Bell,24,CLE,WR,1,0,3,3,27,1,19,6.3,8,2.7,6.3,0,,0,0.0,0,104.2,,BellDa02
364,Jonathon Brooks,21,CAR,RB,3,1,3,3,23,2,-8,-2.7,31,10.3,-2.7,0,,0,0.0,0,98.6,,BrooJo02
365,Dan Chisena,27,CAR,WR,6,0,4,3,37,2,28,9.3,9,3.0,7.5,0,,0,0.0,0,103.1,,ChisDa00
366,Tanner Conner,26,MIA,TE,8,1,4,3,16,1,11,3.7,5,1.7,11.5,0,,0,0.0,0,81.2,,ConnTa00
367,Malachi Corley,22,NYJ,WR,9,1,6,3,16,1,11,3.7,5,1.7,8.3,0,,0,0.0,0,56.2,,CorlMa00
368,DeeJay Dallas,26,ARI,RB,17,0,3,3,11,1,-9,-3.0,20,6.7,-3.0,0,,0,0.0,0,121.5,,DallDe00
369,Josiah Deguara,27,JAX,TE,15,0,3,3,14,0,2,0.7,12,4.0,0.7,0,,0,0.0,0,86.1,,DeguJo00
370,Gus Edwards,29,LAC,RB,11,6,5,3,6,0,-5,-1.7,11,3.7,-3.0,0,,0,0.0,0,64.6,,EdwaGu00
371,Clyde Edwards-Helaire,25,NOR,RB,2,0,5,3,24,1,-11,-3.7,35,11.7,-0.8,1,3.0,1,20.0,0,72.1,,EdwaCl00
372,D'Wayne Eskridge,27,MIA,WR,6,0,3,3,44,2,15,5.0,29,9.7,5.0,0,,0,0.0,0,118.7,,EskrDW00
373,Hassan Haskins,25,LAC,RB,17,0,3,3,49,2,7,2.3,42,14.0,2.3,0,,0,0.0,0,158.3,,HaskHa00
374,Dallin Holker,24,NOR,TE,12,2,4,3,21,1,8,2.7,13,4.3,9.0,0,,0,0.0,0,86.5,,HolkDa00
375,Travis Homer,26,CHI,RB,10,0,3,3,11,0,1,0.3,10,3.3,0.3,0,,0,0.0,0,81.9,,HomeTr00
376,Trenton Irwin,29,CIN,WR,7,2,10,3,15,1,11,3.7,4,1.3,6.2,0,,1,10.0,0,39.6,,IrwiTr00
377,Tim Jones,26,JAX,WR,17,0,5,3,41,3,24,8.0,17,5.7,8.0,0,,0,0.0,0,86.2,,JoneTi00
378,Chris Manhertz,32,NYG,TE,17,11,4,3,30,2,11,3.7,19,6.3,3.8,0,,0,0.0,0,135.4,,ManhCh00
379,Terrace Marshall Jr.,24,LVR,WR,7,1,6,3,41,1,37,12.3,4,1.3,8.7,0,,0,0.0,0,72.2,,MarsTe00
380,Kenny McIntosh,24,SEA,RB,17,0,4,3,22,1,5,1.7,17,5.7,1.3,0,,0,0.0,0,87.5,,McInKe00
381,James Proche,28,CLE,WR,9,0,3,3,21,1,17,5.7,4,1.3,5.7,1,3.0,0,0.0,0,95.8,,ProcJa00
382,Craig Reynolds,28,DET,RB,17,0,5,3,40,2,-2,-0.7,42,14.0,-2.0,0,,0,0.0,1,45.8,,ReynCr00
383,Patrick Ricard,30,BAL,FB,17,6,5,3,22,1,4,1.3,18,6.0,1.2,0,,1,20.0,0,110.0,PBAP-1,RicaPa00
384,Allen Robinson,31,DET,WR,12,0,7,3,30,3,26,8.7,4,1.3,7.3,0,,1,14.3,0,55.7,,RobiAl02
385,Patrick Taylor,26,SFO,RB,13,1,11,3,25,2,6,2.0,19,6.3,3.1,0,,2,18.2,0,39.6,,TaylPa01
386,Ian Thomas,28,CAR,TE,5,2,6,3,7,1,1,0.3,6,2.0,4.2,0,,1,16.7,1,16.7,,ThomIa00
387,Jamari Thrash,24,CLE,WR,9,0,7,3,22,2,8,2.7,14,4.7,7.3,0,,2,28.6,0,50.9,,ThraJa01
388,Sione Vaki,23,DET,RB,16,0,3,3,37,2,17,5.7,20,6.7,5.7,0,,0,0.0,0,118.1,,VakiSi00
389,Deuce Vaughn,23,DAL,RB,7,0,5,3,18,0,5,1.7,13,4.3,0.0,1,3.0,0,0.0,0,67.1,,VaugDe00
390,Jeff Wilson,29,MIA,RB,9,0,3,3,19,0,0,0.0,19,6.3,0.0,0,,0,0.0,0,93.1,,WilsJe01
391,Jaylen Wright,21,MIA,RB,15,1,6,3,8,1,0,0.0,8,2.7,-1.0,1,3.0,1,16.7,0,56.2,,WrigJa04
392,Jaheim Bell,23,NWE,TE,15,0,3,2,20,1,15,7.5,5,2.5,7.7,0,,0,0.0,0,85.4,,BellJa00
393,Ronnie Bell,24,SFO,WR,9,0,6,2,22,2,20,10.0,2,1.0,10.8,0,,2,33.3,1,5.6,,BellRo01
394,Julius Chestnut,24,TEN,RB,17,0,3,2,11,0,-3,-1.5,14,7.0,0.3,0,,0,0.0,1,33.3,,ChesJu00
395,Grant Dubose,23,MIA,WR,3,0,4,2,11,1,8,4.0,3,1.5,11.8,0,,0,0.0,1,16.7,,DuboGr00
396,Ashton Dulin,27,IND,WR,15,2,8,2,67,2,24,12.0,43,21.5,19.3,1,2.0,1,12.5,1,62.0,,DuliAs00
397,Isaiah Hodgins,26,NYG,WR,3,0,2,2,12,0,11,5.5,1,0.5,5.5,0,,0,0.0,0,91.7,,HodgIs00
398,Brevin Jordan,24,HOU,TE,2,1,3,2,7,1,4,2.0,3,1.5,0.3,0,,0,0.0,0,70.1,,JordBr00
399,Mason Kinsey,26,TEN,WR,6,0,2,2,17,1,17,8.5,0,0.0,8.5,0,,0,0.0,0,102.1,,KinsMa00
400,Dameon Pierce,24,HOU,RB,11,0,4,2,2,0,-3,-1.5,5,2.5,-1.3,1,2.0,0,0.0,0,56.2,,PierDa01
401,Nikko Remigio,25,KAN,WR,5,1,6,2,48,2,34,17.0,14,7.0,10.7,0,,1,16.7,0,63.2,,RemiNi00
402,Xavier Smith,27,LAR,WR,15,0,2,2,6,1,1,0.5,5,2.5,0.5,0,,0,0.0,0,79.2,,SmitXa00
403,Jack Stoll,26,PHI,TE,7,2,3,2,10,0,8,4.0,2,1.0,4.0,0,,0,0.0,0,71.5,,StolJa00
404,J.J. Taylor,26,HOU,RB,5,0,3,2,0,0,-1,-0.5,1,0.5,-2.0,0,,1,33.3,0,70.1,,TaylJJ01
405,Eric Tomlinson,32,LAC,TE,9,1,4,2,9,0,-3,-1.5,12,6.0,2.0,1,2.0,1,25.0,0,56.2,,TomlEr01
406,Austin Trammell,26,JAX,WR,1,0,3,2,40,2,31,15.5,9,4.5,14.7,0,,0,0.0,0,109.7,,TramAu00
407,Cody White,26,SEA,WR,4,0,3,2,44,2,31,15.5,13,6.5,13.3,0,,0,0.0,0,109.7,,WhitCo05
408,Kristian Wilkerson,27,LVR,WR,3,0,3,2,18,2,7,3.5,11,5.5,5.3,0,,0,0.0,0,122.2,,WilkKr00
409,Isaiah Williams,23,DET,WR,2,0,3,2,6,0,-1,-0.5,7,3.5,5.0,2,1.0,0,0.0,0,70.1,,WillIs03
410,Javon Baker,22,NWE,WR,11,1,4,1,12,1,12,12.0,0,0.0,12.5,0,,0,0.0,0,39.6,,BakeJa00
411,Chris Blair,27,ATL,WR,4,0,2,1,17,1,17,17.0,0,0.0,18.5,0,,0,0.0,1,39.6,,BlaiCh00
412,Mike Boone,29,CAR,RB,6,0,3,1,-2,0,-4,-4.0,2,2.0,-4.7,0,,1,33.3,0,42.4,,BoonMi00
413,Mike Caliendo,27,KAN,OL,17,3,1,1,5,1,2,2.0,3,3.0,2.0,0,,0,0.0,0,87.5,,CaliMi00
414,Robbie Chosen,31,MIA,WR,2,0,4,1,5,0,4,4.0,1,1.0,11.8,0,,0,0.0,1,0.0,,AndeRo04
415,Chris Collier,24,LVR,RB,3,0,2,1,-4,0,-5,-5.0,1,1.0,-2.5,0,,0,0.0,0,56.2,,CollCh01
416,Dalvin Cook,29,DAL,RB,2,0,1,1,10,1,3,3.0,7,7.0,3.0,0,,0,0.0,0,108.3,,CookDa01
417,Jaelon Darden,25,CLE,WR,7,1,1,1,6,1,-3,-3.0,9,9.0,-3.0,0,,0,0.0,0,91.7,,DardJa00
418,Zach Davidson,26,BUF,TE,2,0,2,1,5,0,3,3.0,2,2.0,1.5,0,,0,0.0,0,56.2,,DaviZa00
419,Divine Deablo,26,LVR,LLB,14,14,1,1,34,1,4,4.0,30,30.0,4.0,0,,0,0.0,0,118.7,,DeabDi00
420,Ross Dwelley,29,ATL,TE,17,0,1,1,5,0,1,1.0,4,4.0,1.0,0,,0,0.0,0,87.5,,DwelRo00
421,John FitzPatrick,24,GNB,TE,9,0,1,1,2,0,2,2.0,0,0.0,2.0,0,,0,0.0,0,79.2,,FitzJo00
422,Jody Fortson,29,KAN,TE,3,0,3,1,5,1,3,3.0,2,2.0,1.3,0,,0,0.0,1,2.8,,FortJo01
423,Feleipe Franks,27,CAR,TE,16,0,3,1,12,1,12,12.0,0,0.0,16.3,0,,0,0.0,0,46.5,,FranFe00
424,Myles Gaskin,27,MIN,RB,5,0,1,1,11,0,-2,-2.0,13,13.0,-2.0,0,,0,0.0,0,112.5,,GaskMy00
425,Jared Goff,30,DET,QB,17,17,1,1,7,1,5,5.0,2,2.0,5.0,0,,0,0.0,0,135.4,PBAP MVP-5AP OPoY-9,GoffJa00
426,Anthony Gould,23,IND,WR,8,0,1,1,23,1,18,18.0,5,5.0,18.0,0,,0,0.0,0,118.7,,GoulAn00
427,George Holani,25,SEA,RB,5,0,1,1,-1,0,-1,-1.0,0,0.0,-1.0,0,,0,0.0,0,79.2,,HolaGe00
428,Sam Hubbard,29,CIN,LDE,14,14,1,1,2,1,2,2.0,0,0.0,2.0,0,,0,0.0,0,118.7,,HubbSa00
429,Jha'Quan Jackson,24,TEN,WR,12,0,3,1,8,1,6,6.0,2,2.0,26.0,0,,0,0.0,0,42.4,,JackJh00
430,Jermar Jefferson,24,DET,RB,2,0,1,1,10,1,0,0.0,10,10.0,0.0,0,,0,0.0,0,108.3,,JeffJe00
431,E.J. Jenkins,26,PHI,TE,8,0,2,1,7,1,4,4.0,3,3.0,4.5,0,,0,0.0,0,97.9,,JenkEJ00
432,Brandon Johnson,26,PIT,WR,3,0,1,1,9,0,5,5.0,4,4.0,5.0,0,,0,0.0,0,104.2,,JohnBr23
433,Collin Johnson,27,CHI,WR,9,0,2,1,6,1,3,3.0,3,3.0,8.0,0,,0,0.0,0,56.2,,JohnCo01
434,Charlie Jones,26,CIN,WR,8,0,1,1,5,0,5,5.0,0,0.0,5.0,0,,0,0.0,0,87.5,,JoneCh11
435,Marcus Jones,26,NWE,CB,14,9,1,1,18,1,-7,-7.0,25,25.0,-7.0,0,,0,0.0,0,118.7,,JoneMa06
436,Velus Jones Jr.,27,CHI,WR,1,0,1,1,8,0,-5,-5.0,13,13.0,-5.0,0,,0,0.0,0,100.0,,JoneVe00
437,Ramel Keyton,24,LVR,WR,8,0,3,1,7,1,7,7.0,0,0.0,10.0,0,,0,0.0,0,42.4,,KeytRa00
438,Jacob Kibodi,26,CLE,RB,1,0,3,1,15,1,4,4.0,11,11.0,3.0,0,,1,33.3,1,11.1,,KiboJa00
439,JC Latham,21,TEN,LT,17,17,1,1,0,0,-4,-4.0,4,4.0,-4.0,0,,0,0.0,0,79.2,,LathJC00
440,Marcedes Lewis,40,CHI,TE,17,4,2,1,2,1,1,1.0,1,1.0,7.0,0,,0,0.0,0,56.2,,LewiMa00
441,MarShawn Lloyd,23,GNB,RB,1,0,1,1,3,0,-5,-5.0,8,8.0,-5.0,0,,0,0.0,0,79.2,,LloyMa00
442,Vederian Lowe,25,NWE,LT,14,13,1,1,4,1,4,4.0,0,0.0,4.0,0,,0,0.0,0,122.9,,LoweVe00
443,Patrick Mahomes,29,KAN,QB,16,16,1,1,2,0,-1,-1.0,3,3.0,-1.0,0,,0,0.0,0,79.2,AP MVP-6AP OPoY-17,MahoPa00
444,Tay Martin,27,TEN,WR,1,0,2,1,49,1,44,44.0,5,5.0,31.5,0,,0,0.0,0,135.4,,MartTa00
445,David Martin-Robinson,25,TEN,TE,5,2,2,1,6,1,0,0.0,6,6.0,0.0,0,,0,0.0,0,56.2,,MartDa01
446,Anthony Miller,30,BAL,WR,2,0,1,1,16,1,15,15.0,1,1.0,15.0,0,,0,0.0,0,118.7,,MillAn02
447,Keaton Mitchell,22,BAL,RB,5,0,1,1,28,1,-5,-5.0,33,33.0,-5.0,0,,0,0.0,0,118.7,,MitcKe01
448,Wanya Morris,24,KAN,LT,17,11,1,1,1,1,1,1.0,0,0.0,1.0,0,,0,0.0,0,118.7,,MorrWa01
449,Bo Nix,24,DEN,QB,17,17,1,1,2,1,2,2.0,0,0.0,2.0,0,,0,0.0,0,118.7,AP ORoY-3,NixxBo00
450,Kendric Pryor,26,CIN,WR,1,0,1,1,9,0,9,9.0,0,0.0,9.0,0,,0,0.0,0,104.2,,PryoKe00
451,Anthony Richardson,22,IND,QB,11,11,1,1,-1,0,-8,-8.0,7,7.0,-8.0,0,,0,0.0,0,79.2,AP CPoY-25,RichAn03
452,Chris Rodriguez,24,WAS,RB,9,0,1,1,12,1,1,1.0,11,11.0,1.0,0,,0,0.0,0,116.7,,RodrCh00
453,John Ross,29,PHI,WR,1,0,2,1,6,1,4,4.0,2,2.0,23.5,0,,0,0.0,0,56.2,,RossJo00
454,Cody Schrader,25,LAR,RB,1,0,1,1,6,0,0,0.0,6,6.0,0.0,0,,0,0.0,0,91.7,,SchrCo00
455,Trenton Scott,30,WAS,T,17,1,1,1,1,1,1,1.0,0,0.0,1.0,0,,0,0.0,0,118.7,,ScotTr01
456,Tyler Scott,23,CHI,WR,11,0,1,1,5,0,-2,-2.0,7,7.0,-2.0,0,,0,0.0,0,87.5,,ScotTy00
457,Tyrell Shavers,25,BUF,WR,3,0,1,1,69,1,-2,-2.0,71,71.0,-2.0,1,1.0,0,0.0,0,158.3,,ShavTy00
458,John Samuel Shenker,26,LVR,TE,8,0,1,1,7,0,4,4.0,3,3.0,4.0,0,,0,0.0,0,95.8,,ShenJo00
459,Dan Skipper,30,DET,T,17,5,1,1,9,1,1,1.0,8,8.0,1.0,0,,0,0.0,0,143.7,,SkipDa00
460,Tyler Smith,23,DAL,LG,16,16,1,1,0,0,-6,-6.0,6,6.0,-6.0,0,,0,0.0,0,79.2,PB,SmitTy02
461,Geoff Swaim,31,CLE,TE,8,2,1,1,7,0,2,2.0,5,5.0,2.0,0,,0,0.0,0,95.8,,SwaiGe00
462,Trent Taylor,30,SFO,WR,2,0,1,1,11,0,9,9.0,2,2.0,9.0,0,,0,0.0,0,112.5,,TaylTr02
463,Juanyeh Thomas,24,DAL,S,13,0,1,1,4,0,4,4.0,0,0.0,4.0,0,,0,0.0,0,83.3,,ThomJu03
464,Brycen Tremayne,25,WAS,WR,2,0,1,1,-2,0,-2,-2.0,0,0.0,-2.0,0,,0,0.0,0,79.2,,TremBr00
465,Ben VanSumeren,24,PHI,LB,11,1,1,1,0,0,0,0.0,0,0.0,0.0,0,,0,0.0,0,79.2,,VanSBe00
466,Devontez Walker,23,BAL,WR,9,0,3,1,21,1,21,21.0,0,0.0,28.0,0,,0,0.0,0,98.6,,WalkDe01
467,Casey Washington,23,ATL,WR,8,0,2,1,14,1,3,3.0,11,11.0,18.0,0,,0,0.0,0,72.9,,WashCa01
468,Blake Watson,25,DEN,RB,2,0,2,1,13,0,-5,-5.0,18,18.0,-2.0,0,,1,50.0,0,70.8,,WatsBl00
469,Jared Wiley,24,KAN,TE,7,2,1,1,7,0,4,4.0,3,3.0,4.0,0,,0,0.0,0,95.8,,WileJa00
470,Shane Zylstra,28,DET,TE,12,1,1,1,22,1,9,9.0,13,13.0,9.0,0,,0,0.0,0,118.7,,ZylsSh00
471,Rasheen Ali,23,BAL,RB,6,0,2,0,0,0,0,,0,,-2.5,0,,1,50.0,0,39.6,,AlixRa00
472,Josh Allen,28,BUF,QB,17,17,0,0,7,0,0,,7,,,0,,0,,0,,PBAP-2AP MVP-1AP OPoY-6,AlleJo02
473,Brenden Bates,25,CLE,TE,2,0,1,0,0,0,0,,0,,-2.0,0,,0,0.0,0,39.6,,BateBr00
475,Braxton Berrios,29,MIA,WR,6,0,4,0,0,0,0,,0,,6.5,0,,0,0.0,0,39.6,,BerrBr00
476,Jake Brendel,32,SFO,C,17,17,0,0,2,0,0,,2,,,0,,0,,0,,,BrenJa01
477,Irvin Charles,27,NYJ,WR,13,0,1,0,0,0,0,,0,,3.0,0,,0,0.0,0,39.6,,CharIr00
478,Baylor Cupp,24,KAN,TE,1,0,1,0,0,0,0,,0,,0.0,0,,1,100.0,0,39.6,,CuppBa00
479,Taylor Decker,31,DET,LT,14,14,1,0,0,0,0,,0,,2.0,0,,0,0.0,0,39.6,PB,DeckTa00
480,Erik Ezukanma,24,MIA,WR,2,0,2,0,0,0,0,,0,,29.5,0,,0,0.0,0,39.6,,EzukEr00
481,Sam Franklin,28,CAR,S,10,0,1,0,0,0,0,,0,,11.0,0,,0,0.0,0,39.6,,FranSa00
482,Zach Frazier,23,PIT,C,15,15,0,0,-2,0,0,,-2,,,0,,0,,0,,,FrazZa00
483,C.J. Goodwin,34,DAL,CB,17,0,1,0,0,0,0,,0,,7.0,0,,0,0.0,0,39.6,,GoodC.00
484,Terrell Jennings,23,NWE,RB,3,0,1,0,0,0,0,,0,,29.0,0,,0,0.0,0,39.6,,JennTe00
485,Kameron Johnson,22,TAM,WR,5,0,1,0,0,0,0,,0,,3.0,0,,1,100.0,0,39.6,,JohnKa01
486,Tom Kennedy,28,DET,WR,4,0,1,0,0,0,0,,0,,11.0,0,,0,0.0,0,39.6,,KennTo01
487,Trevor Lawrence,25,JAX,QB,10,10,0,0,-5,0,0,,-5,,,0,,0,,0,,,LawrTr00
488,Jordan Matthews,32,CAR,TE,4,1,1,0,0,0,0,,0,,16.0,0,,0,0.0,0,39.6,,MattJo00
489,Skyy Moore,24,KAN,WR,6,0,3,0,0,0,0,,0,,6.0,0,,2,66.7,0,39.6,,MoorSk01
490,James Pierre,28,PIT,CB,15,2,1,0,0,0,0,,0,,14.0,0,,1,100.0,0,39.6,,PierJa01
491,Adam Prentice,27,NOR,FB,17,7,4,0,0,0,0,,0,,1.0,0,,1,25.0,0,39.6,,PrenAd00
492,Dominick Puni,24,SFO,RG,17,17,0,0,-3,0,0,,-3,,,0,,0,,0,,,PuniDo00
493,Justyn Ross,25,KAN,WR,2,0,1,0,0,0,0,,0,,10.0,0,,0,0.0,0,39.6,,RossJu00
494,C.J. Stroud,23,HOU,QB,17,17,1,0,0,0,0,,0,,10.0,0,,0,0.0,0,39.6,,StroCJ00
495,Stephen Sullivan,28,CAR,TE,1,0,1,0,0,0,0,,0,,16.0,0,,0,0.0,0,39.6,,SullSt00
496,Kadarius Toney,25,CLE,WR,3,0,1,0,0,0,0,,0,,-5.0,0,,0,0.0,0,39.6,,ToneKa00
497,Xavier Weaver,24,ARI,WR,2,0,2,0,0,0,0,,0,,19.5,0,,0,0.0,0,39.6,,WeavXa00
498,Brayden Willis,25,SFO,TE,10,0,2,0,0,0,0,,0,,5.5,0,,1,50.0,0,39.6,,WillBr06
499,Tristan Wirfs,25,TAM,LT,16,16,0,0,9,0,0,,9,,,0,,0,,0,,PBAP-1,WirfTr00
500,Dareke Young,25,SEA,WR,14,0,1,0,0,0,0,,0,,9.0,0,,0,0.0,0,39.6,,YounDa02
,League Average,,,,,,,,,,,5.6,,5.3,7.7,,16.8,,4.7,,,,-9999
