Pick,Available Rank,player,pos,team,points,sd_pts,dropoff,floor,ceiling,points_vor,floor_vor,ceiling_vor,rank,floor_rank,ceiling_rank,pos_rank,tier,ecr,sd_ecr,risk,injury_status,Flex Rank
0.06,,Christian McCaffrey,RB,CAR,559,60.9,36.7,482,652,327,315,363,1,1,1,2,NA,1.04,0.19,4.7,NA,1
20,,Josh Allen,QB,BUF,551,18.8,2.51,523,568,128,145,78,20,16,39,2,NA,42.2,10.1,3.43,NA,999
0.03,,Patrick Mahomes,QB,KC,549,28.3,14.2,512,593,125,134,103,22,22,32,3,NA,25.8,11,3.67,NA,999
27,,Lamar Jackson,QB,BAL,535,18.6,4.8,503,554,111,124,64.1,28,23,46,4,NA,54.8,11,3.47,NA,999
0.09,,Kyler Murray,QB,ARI,530,30.7,29.1,493,582,106,115,92.1,30,28,34,5,NA,51.6,9.27,3.64,NA,999
0.1,,Dalvin Cook,RB,MIN,523,46.8,36.4,468,603,290,301,314,2,2,2,3,NA,2.22,0.73,3.61,NA,2
39,,Russell Wilson,QB,SEA,501,18,13.7,478,527,77,99.4,36.9,37,34,59,6,NA,70.2,8.38,3.32,NA,999
35,,Aaron Rodgers,QB,GB,487,18.1,1.51,471,516,63.3,92.4,26.1,41,35,67,7,NA,71.5,9.16,3.36,NA,999
0.07,,Derrick Henry,RB,TEN,486,59,31.1,402,582,254,235,293,3,3,3,4,NA,8.15,6.75,5.1,NA,3
0.04,,Dak Prescott,QB,DAL,485,26.2,3.36,438,514,61.8,59.7,23.5,42,47,71,8,NA,59.7,9.17,3.54,Q,999
31,,Justin Herbert,QB,LAC,482,26.6,21.5,445,502,58.5,66.2,12.3,43,43,86,9,NA,76.9,8.72,3.52,NA,999
71,,Tom Brady,QB,TB,461,25.1,1.68,425,501,36.9,46.9,10.7,54,58,88,10,NA,90.3,10.9,3.6,NA,999
74,,Jalen Hurts,QB,PHI,459,28.2,8.95,409,490,35.2,30.7,0,59,70,121,11,NA,94.8,11.7,3.71,Q,999
0.13,,Alvin Kamara,RB,NO,455,44.7,12.9,392,528,222,225,239,4,4,5,5,NA,3.66,1.35,3.49,NA,4
45,,Ryan Tannehill,QB,TEN,450,23.6,26.3,424,486,26.3,45.8,-4.58,67,60,138,12,NA,89.5,10,3.52,NA,999
0.05,,Ezekiel Elliott,RB,DAL,442,73.9,13.9,357,580,209,190,291,5,8,4,6,NA,6.13,2.55,5.95,NA,5
0.14,,Saquon Barkley,RB,NYG,428,40.2,9.05,387,488,196,220,199,6,5,7,7,NA,10.4,6.58,3.56,Q,6
0,QB1,Kirk Cousins,QB,MIN,424,19.7,8.42,405,460,0,26.6,-30.5,118,76,289,13,NA,125,15.9,3.74,NA,999
0.19,,Aaron Jones,RB,GB,419,33.7,4.36,365,457,187,198,168,7,7,13,8,NA,9.01,3.75,2.81,NA,7
78,,Matthew Stafford,QB,LAR,415,27.7,5.61,379,445,-8.42,0,-45.2,151,121,395,14,NA,98.5,10.2,3.62,NA,999
0.11,,Nick Chubb,RB,CLE,415,50.8,2.87,338,482,182,171,193,8,11,8,9,NA,20.3,6.02,4.38,NA,8
0.02,,Joe Mixon,RB,CIN,412,25.4,8.74,382,448,179,215,159,9,6,14,10,NA,22,7.81,2.48,NA,9
84,,Joe Burrow,QB,CIN,410,22.8,5.92,375,434,-14,-3.11,-56.5,177,137,448,15,NA,106,9.63,3.49,NA,999
95,,Trevor Lawrence,QB,JAC,404,31,1.64,366,457,-19.9,-12.5,-33.4,221,183,314,16,NA,121,17.8,4.08,NA,999
0.2,,Jonathan Taylor,RB,IND,403,46.2,6.47,330,467,171,163,178,10,12,10,11,NA,17,7.29,4.11,NA,10
119,,Matt Ryan,QB,ATL,402,18.3,3.63,373,417,-21.6,-6.01,-73,235,154,480,17,NA,122,16.3,3.73,NA,999
105,,Baker Mayfield,QB,CLE,398,34.4,8.18,368,464,-25.2,-10.1,-26,265,174,260,18,NA,139,23.8,4.45,NA,999
0.01,,Austin Ekeler,RB,LAC,397,42.8,12,340,457,164,173,168,12,10,12,12,NA,8.77,5.55,3.69,NA,11
0,QB2,Derek Carr,QB,LVR,390,32.4,1.46,363,447,-33.4,-15.9,-43.2,336,200,389,19,NA,164,28.6,4.66,NA,999
153,,Tua Tagovailoa,QB,MIA,389,34.4,0.684,345,439,-34.9,-33.6,-50.8,355,319,424,20,NA,144,29,4.72,NA,999
0,QB3,Ben Roethlisberger,QB,PIT,388,20.9,7.36,362,419,-35.5,-16.5,-70.9,361,204,476,21,NA,154,25.3,4.25,NA,999
1,,Najee Harris,RB,PIT,385,29.7,0.855,352,425,152,185,137,13,9,18,13,NA,24.2,9.32,2.95,NA,12
0.16,,David Montgomery,RB,CHI,384,48.2,12.3,322,441,151,155,152,14,15,15,14,NA,38.4,8.31,4.36,NA,13
113,,Ryan Fitzpatrick,QB,WAS,381,45,2.45,313,447,-42.9,-65.9,-43,419,442,387,22,NA,148,31.2,5.05,NA,999
0,QB4,Daniel Jones,QB,NYG,378,24.2,10.2,350,403,-45.4,-28.3,-87,437,284,506,23,NA,161,26.6,4.38,NA,999
0.08,,Antonio Gibson,RB,WAS,372,63.2,6.75,291,465,139,124,176,15,24,11,15,NA,20.5,6.7,5.43,NA,14
0,QB5,Deshaun Watson,QB,HOU,368,150,7.65,165,535,-55.6,-214,45.2,523,798,56,24,NA,258,88.4,10.2,NA,999
3,,D'Andre Swift,RB,DET,365,53,1.99,301,437,132,134,148,17,21,16,16,NA,31.6,8.98,4.8,Q,15
0.15,,Clyde Edwards-Helaire,RB,KC,363,37.5,1.08,325,412,130,158,123,18,13,24,17,NA,27,7.44,3.42,NA,16
0.18,,Chris Carson,RB,SEA,362,31.9,3.91,324,408,129,157,119,19,14,26,18,NA,37.5,7.63,2.99,NA,17
0,QB6,Zach Wilson,QB,NYJ,360,54.6,3.69,280,436,-63.2,-98.8,-54,570,503,439,25,NA,200,45.7,5.99,NA,999
0.26,,Josh Jacobs,RB,LVR,358,56.3,2.15,276,436,125,109,147,21,31,17,19,NA,52.3,7.26,4.93,NA,18
0,QB7,Sam Darnold,QB,CAR,357,41.6,5.41,274,382,-66.9,-105,-108,596,520,556,26,NA,184,40.4,5.45,NA,999
0.25,,Miles Sanders,RB,PHI,356,48.2,6.46,286,416,123,119,127,24,25,22,20,NA,46.6,9.65,4.47,NA,19
0,QB8,Jared Goff,QB,DET,351,49.9,7.28,299,435,-72.3,-79.6,-54.9,638,468,442,27,NA,216,41.8,5.69,NA,999
8,,Mike Davis,RB,ATL,349,34.5,8.62,307,394,117,140,105,26,17,31,21,NA,53.5,11.7,3.54,NA,20
0,QB9,Carson Wentz,QB,IND,344,39.7,16,282,389,-79.6,-96.2,-101,674,498,534,28,NA,205,56.5,6.23,Q,999
0.12,,Davante Adams,WR,GB,344,19.6,7.72,316,373,133,140,133,16,18,20,2,NA,6.03,2.02,2.83,NA,21
7,,J.K. Dobbins,RB,BAL,341,48.2,18.2,283,398,108,115,109,29,27,30,22,NA,40.2,7.72,4.31,NA,22
0.17,,Tyreek Hill,WR,KC,336,18.3,10.4,315,357,125,138,118,23,19,28,3,NA,10.1,2.08,2.67,NA,23
0,QB10,Cam Newton,QB,NE,328,98.8,10.2,195,438,-95.6,-184,-52.3,757,797,433,29,NA,226,58.4,7.56,NA,999
2,,Stefon Diggs,WR,BUF,326,32.3,12.8,282,364,115,106,124,27,32,23,4,NA,11,1.9,4.39,Q,24
13,,Darrell Henderson,RB,LAR,323,55.3,4.49,259,410,89.8,91.8,121,34,37,25,23,NA,50.5,15.4,5.53,NA,25
0.28,,Travis Kelce,TE,KC,319,43.4,49.2,266,386,167,138,212,11,20,6,1,1,16,2.74,4.56,NA,26
152,,Jameis Winston,QB,NO,318,84.6,4.28,218,465,-106,-161,-25.1,801,670,253,30,NA,243,64.1,7.56,NA,999
14,,Myles Gaskin,RB,MIA,318,36.2,15,272,367,85.3,105,77.6,35,33,40,24,NA,62.2,14,3.87,NA,27
111,,Trey Lance,QB,SF,314,188,14.2,116,621,-110,-262,131,818,799,21,31,NA,184,65,9.78,NA,999
0.23,,DeAndre Hopkins,WR,ARI,313,27.8,5.93,289,358,102,113,118,31,29,27,5,NA,12.6,3.05,3.94,Q,28
0.22,,Calvin Ridley,WR,ATL,307,15.9,16.9,286,331,95.8,110,91.3,33,30,35,6,NA,13.4,2.35,2.4,NA,29
9,,Chase Edmonds,RB,ARI,303,34.9,13.6,260,362,70.3,92.4,73,38,36,42,25,NA,69.5,14.2,3.78,NA,30
88,,Justin Fields,QB,CHI,299,227,61.7,38.6,682,-124,-340,192,852,802,9,32,NA,162,42.4,9.43,Q,999
0.21,,Justin Jefferson,WR,MIN,290,20.5,10.4,265,319,78.9,88.6,79.3,36,39,38,7,NA,19.3,4.98,3.22,Q,31
5,,James Robinson,RB,JAC,289,51.1,9.31,214,360,56.7,46.4,70.6,45,59,43,26,NA,85,17.6,5.37,NA,32
4,,Kareem Hunt,RB,CLE,280,40.7,10.7,220,342,47.4,52.8,52.5,49,51,50,27,NA,58,8.8,3.8,NA,33
0.3,,DK Metcalf,WR,SEA,280,23.5,0.728,245,308,68.5,68.4,68.5,39,42,44,8,NA,20.6,5.25,3.61,NA,34
16,,Keenan Allen,WR,LAC,279,32.6,9.92,224,323,67.8,48,83.3,40,55,37,9,NA,20.9,5.01,4.72,NA,35
10,,Darren Waller,TE,LVR,270,15.5,16.3,245,289,118,117,115,25,26,29,2,2,20.3,4.23,1.36,NA,36
23,,Damien Harris,RB,NE,269,25.7,7.9,228,297,36.6,60.4,7.84,56,46,97,28,NA,85.1,17.1,3.29,NA,37
11,,A.J. Brown,WR,TEN,269,19.1,2.76,248,293,57.8,71.7,53.2,44,40,49,10,NA,20.7,5.52,3.1,Q,38
0.29,,Allen Robinson,WR,CHI,267,15.5,3.27,248,290,55.1,71.5,50.3,46,41,52,11,NA,24.9,4.43,2.55,NA,39
15,,Robert Woods,WR,LAR,263,18.9,2.12,232,288,51.8,56.1,47.9,47,49,53,12,NA,34,4.78,3,NA,40
59,,Raheem Mostert,RB,SF,261,29.7,1.46,228,315,28.7,61.1,25.6,65,45,68,29,NA,87.3,17.6,3.65,NA,41
0.24,,CeeDee Lamb,WR,DAL,261,36.4,3.09,228,327,49.7,51.8,87.3,48,52,36,13,NA,30.6,6.81,5.36,NA,42
54,,Melvin Gordon,RB,DEN,260,60.1,2.34,204,345,27.3,37.1,55.9,66,66,47,30,NA,88.6,16.5,6,NA,43
87,,David Johnson,RB,HOU,258,71.8,4.99,195,389,24.9,27.4,100,68,74,33,31,NA,104,25.2,7.69,NA,44
21,,Terry McLaurin,WR,WAS,258,30.2,3,211,287,46.6,34.8,47.6,50,68,54,14,NA,27.9,3.71,4.3,NA,45
25,,Amari Cooper,WR,DAL,255,12.4,6.24,238,271,43.6,61.7,31.3,52,44,64,15,NA,36.3,5.43,2.26,Q,46
0.27,,George Kittle,TE,SF,254,32.9,57,220,307,101,91.5,133,32,38,19,3,3,26.3,7.06,3.85,NA,47
38,,Leonard Fournette,RB,TB,253,33.8,8.02,212,313,19.9,45,23.9,73,61,69,32,NA,104,16.3,3.86,NA,48
29,,Diontae Johnson,WR,PIT,249,21.5,0.505,227,287,37.4,50.9,47.3,53,53,55,16,NA,42.5,8.26,3.65,NA,49
12,,Mike Evans,WR,TB,248,23.9,0.694,216,273,36.9,39.9,33.3,55,63,62,17,NA,38.4,5.99,3.74,NA,50
24,,Cooper Kupp,WR,LAR,248,17.2,1.32,227,270,36.2,50.4,30,58,54,65,18,NA,40,5.22,2.84,NA,51
22,,Chris Godwin,WR,TB,246,25,2.12,216,276,34.8,39.8,36.4,60,64,60,19,NA,37.2,5.84,3.86,NA,52
17,,Javonte Williams,RB,DEN,245,74.6,2.43,121,354,11.9,-45.7,65.5,88,379,45,33,NA,75.5,18.5,7.35,NA,53
28,,Tyler Lockett,WR,SEA,244,14.3,2.43,224,258,32.7,48,18.3,61,56,77,20,NA,43.5,7.38,2.68,Q,54
61,,Ronald Jones,RB,TB,242,34.7,9.5,207,295,9.5,40,6.51,91,62,99,34,NA,97.8,17,3.99,NA,55
18,,Adam Thielen,WR,MIN,242,11.6,1.02,232,262,30.3,55.4,22.5,63,50,73,21,NA,50.8,9.91,2.58,NA,56
34,,Julio Jones,WR,TEN,241,21.9,7.16,204,263,29.3,28.1,22.8,64,72,72,22,NA,41.2,8.75,3.75,Q,57
0,QB11,Drew Lock,QB,DEN,238,115,10.9,112,383,-186,-266,-107,999,800,554,33,NA,297,44.5,7.2,NA,999
32,,D.J. Moore,WR,CAR,234,16.8,4.32,214,256,22.1,37.9,16.1,70,65,79,23,NA,41.1,7.45,3,Q,58
999,,Travis Etienne,RB,JAC,233,79.3,9.96,85.8,304,0,-81.4,15,118,470,81,35,NA,55.5,14.4,7.38,NA,59
47,,Kenny Golladay,WR,NYG,229,21.1,1.35,200,264,17.8,24.2,23.6,75,78,70,24,NA,62.6,13.8,4.13,Q,60
19,,Tee Higgins,WR,CIN,228,20.1,0.07,193,248,16.5,16.4,8.11,77,85,93,25,NA,54.3,11.3,3.77,NA,61
41,,JuJu Smith-Schuster,WR,PIT,228,15.7,0.0828,210,244,16.4,33.7,4.21,78,69,104,26,NA,66.2,14.6,3.53,NA,62
36,,Brandon Aiyuk,WR,SF,228,26.3,0.344,191,259,16.3,14.9,18.9,79,87,75,27,NA,56.4,9.88,4.39,NA,63
49,,Odell Beckham,WR,CLE,227,13.7,1.33,213,248,16,36.8,8.07,80,67,95,28,NA,64.6,13,3.14,Q,64
58,,Deebo Samuel,WR,SF,226,18.7,1.3,198,248,14.6,22.2,8.09,81,79,94,29,NA,82.4,16.1,4.04,Q,65
64,,Michael Thomas,WR,NO,225,52,1.19,167,313,13.3,-9.69,73.6,83,173,41,30,NA,108,40.5,10.5,O,66
67,,Brandin Cooks,WR,HOU,224,36.4,3.29,194,294,12.1,17.9,53.8,86,84,48,31,NA,80.3,14.2,6.05,NA,67
42,,Zack Moss,RB,BUF,223,35.6,3.25,171,265,-9.96,3.72,-24.3,159,112,247,36,NA,107,17.6,4.12,NA,68
50,,Michael Carter,RB,NYJ,220,79.6,8.08,93.4,289,-13.2,-73.8,0,171,457,121,37,NA,86.1,19.5,7.83,NA,69
65,,Courtland Sutton,WR,DEN,220,16.1,6.66,205,248,8.86,29.2,7.72,93,71,98,32,NA,72.4,11.3,3.27,Q,70
44,,Robby Anderson,WR,CAR,214,8.86,0.0993,202,227,2.2,25.7,-13.1,110,77,180,33,NA,71.3,15.6,2.78,Q,71
46,,Chase Claypool,WR,PIT,214,34,1.27,167,258,2.1,-9.4,17.7,111,171,78,34,NA,66.4,11,5.46,Q,72
26,,Ja'Marr Chase,WR,CIN,212,25.1,0.834,174,237,0.834,-1.88,-3.26,116,131,130,35,NA,63.6,26.7,5.83,NA,73
48,,Curtis Samuel,WR,WAS,212,36.6,2.28,160,270,0,-15.9,29.6,118,201,66,36,NA,101,23,6.91,Q,74
68,,James Conner,RB,ARI,211,41.7,4.58,143,255,-21.3,-23.8,-33.7,233,246,317,38,NA,106,17.3,4.59,Q,75
53,,Tyler Boyd,WR,CIN,209,18.8,0.139,181,232,-2.28,5.07,-7.45,125,106,151,37,NA,72.6,11.9,3.65,NA,76
99,,Jarvis Landry,WR,CLE,209,21.1,2.86,176,240,-2.42,0,0,127,121,121,38,NA,93.2,12.7,4.02,NA,77
30,,Trey Sermon,RB,SF,207,56.4,3.7,100,250,-25.9,-67,-39.5,272,445,360,39,NA,97,33.2,7.11,NA,78
107,,D.J. Chark,WR,JAC,206,31.7,5.84,171,241,-5.27,-5.18,0.67,139,148,118,39,NA,82.6,19.8,5.99,Q,79
75,,Devin Singletary,RB,BUF,203,31.2,4.65,167,246,-29.6,0,-42.5,304,121,384,40,NA,123,15.8,3.62,NA,80
55,,Michael Gallup,WR,DAL,200,13,4.04,183,214,-11.1,6.75,-25.4,162,103,256,40,NA,107,17.3,3.45,NA,81
57,,Kenyan Drake,RB,LVR,199,31.4,1.1,152,227,-34.2,-15.4,-62.1,353,193,455,41,NA,106,15.1,3.57,NA,82
0,RB1,Latavius Murray,RB,NO,197,29.5,1.54,151,224,-35.3,-15.8,-65,359,199,465,42,NA,132,16.7,3.55,NA,83
43,,Mark Andrews,TE,BAL,197,12.9,8.1,185,219,44.4,56.5,44.6,51,48,57,4,4,55.6,8.66,1.63,Q,84
79,,Jamaal Williams,RB,DET,196,27.2,0.593,152,231,-36.8,-15.4,-58.2,377,194,449,43,NA,116,18.2,3.49,NA,85
154,,Marquise Brown,WR,BAL,196,15.2,2.79,178,219,-15.2,2.08,-21.3,187,116,229,41,NA,126,23.7,4.32,Q,86
82,,Gus Edwards,RB,BAL,195,13.5,7.16,170,210,-37.4,3.05,-79.3,385,115,494,44,NA,129,19.3,2.48,NA,87
130,,DeVante Parker,WR,MIA,194,16.1,1.21,177,222,-17.9,1.18,-18.4,207,119,211,42,NA,120,26.7,4.72,Q,88
40,,Jerry Jeudy,WR,DEN,192,30,0.429,151,242,-19.2,-25.7,2.28,214,262,112,43,NA,74.2,14.6,5.3,NA,89
33,,Laviska Shenault,WR,JAC,192,36.5,0.966,128,237,-19.6,-48.3,-3.37,217,388,132,44,NA,97.2,20,6.62,NA,90
90,,Antonio Brown,WR,TB,191,43.6,2.65,114,226,-20.6,-61.8,-13.5,227,429,183,45,NA,95.2,32.6,8.68,NA,91
37,,T.J. Hockenson,TE,DET,189,10.9,12.8,176,207,36.3,47.8,33,57,57,63,5,4,52.7,9.62,1.52,Q,92
136,,J.D. McKissic,RB,WAS,188,24.8,3.22,153,224,-44.6,-14.1,-65.4,435,189,467,45,NA,133,22.9,3.7,NA,93
76,,Will Fuller,WR,MIA,188,30.6,1.48,139,226,-23.2,-37.3,-13.8,248,341,186,46,NA,88.2,17.2,5.62,S,94
94,,T.Y. Hilton,WR,IND,187,17.2,1.07,167,206,-24.7,-9.53,-34.1,263,172,324,47,NA,150,27.8,4.97,NA,95
63,,Corey Davis,WR,NYJ,186,17.1,2.52,171,217,-25.8,-5.14,-22.7,270,146,238,48,NA,103,18.8,4.1,NA,96
149,,Todd Gurley,RB,FA,185,NA,3.67,NA,NA,-47.8,NA,NA,454,NA,NA,46,NA,293,58.2,11.3,NA,97
126,,Cole Beasley,WR,BUF,183,30.2,2.08,141,209,-28.3,-34.8,-31.2,290,329,291,49,NA,146,35.1,7.25,NA,98
85,,Nyheim Hines,RB,IND,181,19.6,0.532,150,202,-51.5,-17.5,-86.9,493,207,505,47,NA,108,18.9,2.94,NA,99
77,,Tony Pollard,RB,DAL,181,22.5,0.203,137,200,-52,-30.5,-89.4,502,298,513,48,NA,123,15.4,2.88,NA,100
103,,Russell Gage,WR,ATL,181,36.6,3.1,134,236,-30.4,-42.4,-4.02,310,361,136,50,NA,152,41.2,8.62,NA,101
0,RB2,LeVeon Bell,RB,FA,180,33.5,2.35,159,205,-52.2,-8,-83.7,503,161,499,49,NA,290,52.3,6.87,NA,102
0,RB3,Jeffery Wilson,RB,SF,178,66.5,3.97,114,242,-54.6,-53.3,-46.8,515,398,405,50,NA,250,47.9,9.16,O,103
93,,Darnell Mooney,WR,CHI,178,23.1,0.473,142,207,-33.5,-34.2,-32.9,338,326,305,51,NA,123,27.4,5.66,NA,104
0,WR1,Sterling Shepard,WR,NYG,178,40.5,0.163,121,234,-33.9,-55.6,-6.05,347,404,146,52,NA,154,30.4,8.08,NA,105
66,,DeVonta Smith,WR,PHI,177,29.5,2.29,148,227,-34.1,-28.2,-12.7,349,283,178,53,NA,92.4,29.8,6.66,NA,106
56,,Logan Thomas,TE,WAS,176,20.2,3.47,146,210,23.5,18.3,35.7,69,83,61,6,5,88.1,21.3,4.2,NA,107
73,,Mike Williams,WR,LAC,175,19.6,0.551,151,208,-36.4,-25.5,-31.7,373,259,297,54,NA,106,18.5,4.39,Q,108
0,WR2,Emmanuel Sanders,WR,BUF,175,31.4,8.95,130,209,-36.9,-46.1,-30.7,378,381,290,55,NA,177,31.3,7.05,NA,109
0,RB4,Tevin Coleman,RB,NYJ,174,19.5,5.56,144,198,-58.5,-22.8,-91.4,543,239,515,51,NA,176,37.9,4.53,NA,110
6,,Kyle Pitts,TE,ATL,172,59,7.61,57.5,225,20.1,-70.6,50.5,72,449,51,7,5,57.4,13.4,7.88,NA,111
69,,Phillip Lindsay,RB,HOU,169,39.7,1.86,108,214,-64.1,-59.2,-74.7,575,415,485,52,NA,138,22,4.82,NA,112
51,,AJ Dillon,RB,GB,167,31.9,9.29,130,207,-66,-37,-81.7,591,339,496,53,NA,123,17.3,3.8,Q,113
60,,Mecole Hardman,WR,KC,166,19.7,2.7,132,186,-45.9,-44.1,-53.6,442,371,438,56,NA,150,32.5,5.71,NA,114
72,,Noah Fant,TE,DEN,165,11.8,2.69,148,182,12.4,19.8,7.95,85,80,96,8,5,82.2,15.6,2.42,NA,115
134,,Nelson Agholor,WR,NE,163,23,1.77,141,198,-48.6,-35.4,-42.1,463,332,382,57,NA,164,35.7,6.42,NA,116
80,,Robert Tonyan,TE,GB,162,12.1,0.448,143,174,9.75,14.8,0,90,88,121,9,5,102,18.1,2.79,NA,117
62,,Tyler Higbee,TE,LAR,162,14.7,5.92,142,184,9.31,13.9,9.49,92,89,91,10,6,105,24.1,3.9,NA,118
138,,Henry Ruggs,WR,LVR,161,30.1,0.193,129,205,-50.4,-47.2,-34.9,482,385,326,58,NA,158,29.2,6.68,NA,119
0,WR3,Breshad Perriman,WR,DET,161,19.5,0.987,133,184,-50.6,-42.8,-55.5,486,362,444,59,NA,197,31.6,5.61,Q,120
141,,Jakobi Meyers,WR,NE,160,42.4,3.24,104,206,-51.5,-72.1,-33.6,495,453,316,60,NA,177,43.6,9.57,NA,121
89,,Alexander Mattison,RB,MIN,157,32.6,5.66,115,215,-75.3,-51.9,-74,659,396,483,54,NA,158,19.9,4.07,NA,122
81,,Michael Pittman,WR,IND,157,47,1.57,86.6,216,-54.8,-89.6,-24.3,518,489,248,61,NA,123,24.9,8.38,NA,123
86,,Mike Gesicki,TE,MIA,156,8.38,1.95,146,168,3.38,18.4,-6.02,105,82,145,11,6,117,17.7,2.28,NA,124
0,WR4,Christian Kirk,WR,ARI,155,36.3,3.7,97.9,189,-56.3,-78.3,-51.1,532,463,427,62,NA,190,27,7.24,NA,125
0,TE1,Irv Smith Jr.,TE,MIN,154,12.7,1.43,139,173,1.43,11.4,-1.6,113,95,127,12,6,123,19.7,3.07,NA,126
108,,James White,RB,NE,152,20.6,0.456,125,182,-80.9,-42,-107,678,360,553,55,NA,142,24.1,3.46,NA,127
102,,Evan Engram,TE,NYG,152,11.6,2.29,136,168,0,8.06,-5.71,118,101,144,13,6,129,19.6,2.92,NA,128
0,RB5,Marlon Mack,RB,IND,151,62.5,2.76,78.6,250,-81.4,-88.6,-39.2,686,485,357,56,NA,198,40.3,8.19,NA,129
0,WR5,Jalen Reagor,WR,PHI,151,25.3,1.13,118,180,-60.1,-58.5,-60.2,553,413,451,63,NA,166,31.2,6.28,NA,130
96,,Dallas Goedert,TE,PHI,150,38.3,0.841,76.5,187,-2.29,-51.5,13.3,126,395,85,14,6,92,18.4,6.02,NA,131
0,WR6,Jamison Crowder,WR,NYJ,150,41.3,0.308,103,208,-61.2,-73.4,-31.6,561,456,293,64,NA,169,38.9,8.99,NA,132
0,WR7,Tyrell Williams,WR,DET,150,20.2,0.447,122,177,-61.5,-53.9,-62.9,563,399,458,65,NA,227,54,7.8,NA,133
52,,Sony Michel,RB,NE,149,53.7,0.41,78.5,233,-84.1,-88.7,-55.5,695,488,445,57,NA,212,41.2,7.56,NA,134
0,TE2,Jared Cook,TE,LAC,149,18.8,8.66,128,178,-3.13,0,3.5,129,121,106,15,7,172,33.2,5.6,NA,135
0,RB6,Tarik Cohen,RB,CHI,148,29.2,3.79,119,201,-84.5,-47.8,-88.4,698,387,509,58,NA,159,43.5,5.78,O,136
109,,Malcolm Brown,RB,MIA,144,37.3,1.72,85.3,192,-88.3,-81.9,-96.9,718,471,528,59,NA,212,52.2,7.17,NA,137
140,,Rashaad Penny,RB,SEA,143,22.3,2.07,111,179,-90,-56.2,-110,726,407,557,60,NA,178,33.2,4.36,Q,138
100,,Giovani Bernard,RB,TB,141,41.4,1.7,96.6,201,-92.1,-70.6,-87.9,731,450,508,61,NA,158,33.7,5.95,NA,139
0,TE3,Zach Ertz,TE,PHI,141,19.3,2.04,107,162,-11.8,-21.2,-12.5,165,225,175,16,7,181,37.5,6.24,NA,140
0.32,,Devin White,LB,TB,139,18.3,11.3,128,153,31.8,27.5,42.4,62,73,58,1,1,NA,NA,7.04,NA,999
0,RB7,Duke Johnson,RB,FA,139,NA,1.96,NA,NA,-93.8,NA,NA,742,NA,NA,62,NA,306,47.8,9.56,Q,141
112,,Austin Hooper,TE,CLE,138,16.4,1.18,117,157,-13.8,-10.7,-16.8,176,176,201,17,7,166,28.2,4.66,NA,142
92,,Justin Jackson,RB,LAC,137,38.5,5.88,95.6,187,-95.8,-71.5,-102,760,451,538,63,NA,217,43.8,6.56,Q,143
110,,Rob Gronkowski,TE,TB,137,11.6,0.593,123,153,-15,-5.52,-21.6,182,150,231,18,7,155,27.8,4,NA,144
0,TE4,Anthony Firkser,TE,TEN,137,17.9,1.05,118,162,-15.6,-10.4,-11.8,195,175,170,19,7,181,42.1,6.68,NA,145
83,,Jonnu Smith,TE,NE,136,34.6,0.284,68.4,163,-16.7,-59.6,-11.5,201,419,168,20,7,125,20.3,5.82,Q,146
148,,Eric Ebron,TE,PIT,135,28.8,1.2,84,169,-16.9,-44,-5.18,203,369,141,21,7,192,30.3,6.44,NA,147
0,TE5,Hunter Henry,TE,NE,134,45.1,8.15,49.6,177,-18.1,-78.5,2.91,208,464,107,22,8,148,22.2,7.35,Q,148
0,RB8,Xavier Jones,RB,LAR,131,66.4,2.35,39.5,228,-102,-128,-61,785,601,453,64,NA,213,68.3,10.9,NA,149
0,RB9,Adrian Peterson,RB,FA,129,35.2,0.782,106,155,-104,-60.9,-134,793,427,588,65,NA,323,34.2,5.48,NA,150
0.31,,Darius Leonard,LB,IND,128,1.2,8.39,127,129,20.5,27.1,18.4,71,75,76,2,1,NA,NA,2.96,NA,999
0,TE6,Adam Trautman,TE,NO,126,33.1,3.68,68.4,159,-26.3,-59.6,-15,275,420,193,23,8,148,39.5,8.19,NA,151
0,TE7,Cole Kmet,TE,CHI,122,27,3.4,87.3,170,-30,-40.7,-4.62,308,350,139,24,8,154,30.2,6.21,Q,152
0.35,,Roquan Smith,LB,CHI,120,0.495,4.4,120,120,12.1,19.2,9.62,87,81,90,3,2,NA,NA,2.79,NA,999
104,,Blake Jarwin,TE,DAL,119,29.1,7.98,78.6,152,-33.4,-49.4,-22.3,335,390,235,25,8,163,32.6,6.77,NA,153
114,,Donovan Wilson,DB,DAL,115,NA,1.13,NA,NA,18.7,NA,NA,74,NA,NA,1,1,NA,NA,NA,NA,999
127,,Joe Schobert,LB,PIT,115,9.05,0.798,110,122,7.7,9.36,11.5,94,98,87,4,2,NA,NA,4.83,NA,999
124,,Zach Cunningham,LB,HOU,115,3.25,0.767,113,117,6.9,12.3,6.45,95,93,100,5,2,NA,NA,3.45,NA,999
115,,Jamal Adams,DB,SEA,114,11.1,4.06,107,122,17.6,16,20.3,76,86,74,2,1,NA,NA,5.79,NA,999
0,LB1,Fred Warner,LB,SF,114,7.42,1.91,109,119,6.13,8.84,8.75,97,99,92,6,2,NA,NA,4.45,NA,999
0,LB2,C.J. Mosley,LB,NYJ,112,18.2,0.329,100,125,4.22,0,14.8,103,121,82,7,2,NA,NA,7.02,NA,999
129,,Bobby Wagner,LB,SEA,112,2.47,0.834,110,113,3.89,9.77,2.87,104,96,109,8,2,NA,NA,3.27,NA,999
0,LB3,Demario Davis,LB,NO,111,1.2,3.06,110,112,3.06,9.75,1.1,106,97,116,9,3,NA,NA,2.96,NA,999
0,TE8,Jack Doyle,TE,IND,111,26.5,4.16,71.9,149,-41.3,-56.2,-25.6,404,406,257,26,9,264,32.2,6.42,NA,154
101,,Derwin James,DB,LAC,110,10.3,2.14,103,117,13.5,12.5,15.6,82,90,80,3,1,NA,NA,5.51,NA,999
0.39,,Budda Baker,DB,ARI,108,12.1,6.64,98.7,115,11.4,8.06,13.6,89,100,84,4,2,NA,NA,6.11,NA,999
0.36,,Blake Martinez,LB,NYG,108,3.46,4.07,105,110,0,4.91,-0.621,118,108,124,10,3,NA,NA,3.5,Q,999
0,TE9,Jordan Akins,TE,HOU,107,12.1,4.22,90.7,126,-45.5,-37.4,-48,438,342,416,27,9,276,39.5,5.63,NA,155
143,,Eric Kendricks,LB,MIN,104,9.4,0.629,97.6,111,-4.07,-2.63,0,133,135,121,11,3,NA,NA,4.92,NA,999
0,LB4,Myles Jack,LB,JAC,103,9.97,0.912,96.6,110,-4.7,-3.62,-0.214,137,141,122,12,3,NA,NA,5.05,NA,999
0,TE10,Hayden Hurst,TE,ATL,103,27.6,0.00974,71.9,148,-49.7,-56.1,-26.4,477,405,263,28,9,217,39.1,7.46,NA,156
0,TE11,Dawson Knox,TE,BUF,103,13.7,2.18,84.1,119,-49.7,-43.9,-55.6,478,368,446,29,9,245,28,4.31,NA,157
0,LB5,Tremaine Edmunds,LB,BUF,102,5.16,1.75,98.3,105,-5.61,-1.94,-5.15,140,132,140,13,3,NA,NA,3.91,NA,999
122,,Jessie Bates,DB,CIN,101,6.01,0.286,97.1,105,4.77,6.45,3.68,101,104,105,5,2,NA,NA,4.13,NA,999
0,DB1,Justin Simmons,DB,DEN,101,8.63,3.15,95.1,107,4.48,4.49,5.31,102,109,102,6,3,NA,NA,4.98,NA,999
0,LB6,Nick Kwiatkoski,LB,LVR,100,8.2,0.754,95.1,106,-7.36,-5.15,-4.17,145,147,137,14,3,NA,NA,4.63,NA,999
0,TE12,Gerald Everett,TE,SEA,100,28.4,3.69,63.9,141,-51.9,-64.1,-33.2,499,435,313,30,9,163,33.8,6.85,NA,158
0,LB7,Jerome Baker,LB,MIA,99.6,5.16,0.221,95.8,103,-8.11,-4.44,-7.65,148,143,152,15,3,NA,NA,3.91,NA,999
0,LB8,Jayon Brown,LB,TEN,99.4,0.919,0.132,98.7,100,-8.33,-1.55,-10.6,150,129,163,16,4,NA,NA,2.9,NA,999
0,LB9,Deion Jones,LB,ATL,99.3,7.99,0.415,93.4,104,-8.46,-6.88,-6.19,152,156,147,17,4,NA,NA,4.58,NA,999
0,LB10,Lavonte David,LB,TB,98.9,0.99,2.6,98.1,99.5,-8.88,-2.15,-11.1,154,133,165,18,4,NA,NA,2.91,NA,999
0,DB2,Amani Hooker,DB,TEN,97.5,NA,0.23,NA,NA,1.33,NA,NA,114,NA,NA,7,3,NA,NA,NA,NA,999
0,DB3,Kevin Byard,DB,TEN,97.3,4.99,0.795,94.1,101,1.1,3.44,-0.739,115,114,125,8,3,NA,NA,3.8,NA,999
0,TE13,Chris Herndon,TE,NYJ,96.7,18.5,3.83,73.2,128,-55.6,-54.9,-46.2,525,402,402,31,10,261,32.7,5.5,NA,159
0,DB4,Malcolm Jenkins,DB,NO,96.5,9.12,0.308,90.6,103,0.308,0,1.5,117,121,114,9,3,NA,NA,5.15,NA,999
0,LB11,Jaylon Smith,LB,DAL,96.3,12.6,2.77,87,104,-11.5,-13.3,-6.26,163,186,148,19,4,NA,NA,5.68,NA,999
0,DB5,Kenny Moore,DB,IND,96.2,2.55,0.369,94.5,98,0,3.9,-3.64,118,110,135,10,3,NA,NA,3,NA,999
0,DB6,John Johnson,DB,CLE,95.8,5.8,0.645,92.1,100,-0.369,1.45,-1.62,119,117,128,11,3,NA,NA,4.06,NA,999
0,DB7,Khari Willis,DB,IND,95.2,16.3,0.178,84.7,107,-1.01,-5.89,5.43,122,153,101,12,3,NA,NA,7.47,NA,999
0,DB8,Tyrann Mathieu,DB,KC,95,9.12,0.421,89.1,102,-1.19,-1.5,0,123,128,121,13,3,NA,NA,5.15,NA,999
0.38,,Jordan Poyer,DB,BUF,94.6,6.79,1.33,89.6,98.9,-1.61,-1.07,-2.78,124,126,129,14,4,NA,NA,4.39,NA,999
0,LB12,Matt Milano,LB,BUF,93.5,2.26,0.362,92,95.1,-14.2,-8.24,-15.4,178,163,196,20,4,NA,NA,3.22,Q,999
0,DB9,Logan Ryan,DB,NYG,93.2,8.06,0.449,87.3,98.4,-2.95,-3.34,-3.3,128,140,131,15,4,NA,NA,4.8,NA,999
0,LB13,Nicholas Morrow,LB,LVR,93.1,1.34,2.31,92.1,94,-14.6,-8.14,-16.6,181,162,199,21,4,NA,NA,3,NA,999
0,TE14,C.J. Uzomah,TE,CIN,92.9,30.9,4.32,49.2,122,-59.4,-78.9,-52.3,548,466,431,32,10,292,36,7.46,NA,160
0,DB10,Johnathan Abram,DB,LVR,92.8,7.28,0.257,88.1,98.1,-3.4,-2.53,-3.55,130,134,133,16,4,NA,NA,4.55,NA,999
0,DB11,Carlton Davis,DB,TB,92.5,16.1,0.495,82.2,104,-3.65,-8.4,2.63,131,164,110,17,4,NA,NA,7.4,NA,999
0,DB12,Adrian Amos,DB,GB,92,1.56,0.12,91,93.2,-4.15,0.388,-8.51,134,120,155,18,4,NA,NA,2.68,NA,999
117,,Landon Collins,DB,WAS,91.9,2.9,0.0273,90,94,-4.27,-0.592,-7.65,135,125,153,19,4,NA,NA,3.12,NA,999
125,,Jabrill Peppers,DB,NYG,91.9,4.38,2.28,89.1,95.1,-4.3,-1.57,-6.58,136,130,149,20,4,NA,NA,3.6,NA,999
0,LB14,Eric Wilson,LB,PHI,90.8,14.2,1.01,81.7,101,-16.9,-18.6,-9.32,202,213,157,22,4,NA,NA,6.06,NA,999
0,LB15,Foyesade Oluokun,LB,ATL,89.8,NA,1.45,NA,NA,-17.9,NA,NA,206,NA,NA,23,5,NA,NA,NA,NA,999
0,DB13,Malcolm Butler,DB,ARI,89.6,11.6,0.8,82.2,98.1,-6.57,-8.46,-3.56,141,165,134,21,4,NA,NA,5.95,NA,999
0,DB14,Justin Reid,DB,HOU,88.8,1.84,0.925,87.4,90,-7.37,-3.19,-11.7,146,139,169,22,4,NA,NA,2.77,NA,999
139,,Chandler Jones,LB,ARI,88.4,4.81,0.577,84.8,91.4,-19.4,-15.5,-19.1,215,195,217,24,5,NA,NA,3.82,NA,999
0.33,,Marlon Humphrey,DB,BAL,87.9,0.566,0.674,87.5,88.3,-8.3,-3.13,-13.4,149,138,182,23,4,NA,NA,2.36,Q,999
0,LB16,Micah Kiser,LB,LAR,87.8,14.9,0.0353,78.2,98.7,-20,-22,-11.8,222,228,171,25,5,NA,NA,6.23,NA,999
0,LB17,Anthony Walker,LB,CLE,87.7,10.3,0.372,80.2,94.3,-20,-20.1,-16.2,223,220,197,26,5,NA,NA,5.14,NA,999
0.34,,T.J. Watt,LB,PIT,87.4,15.1,0.44,77.7,98.4,-20.4,-22.5,-12.1,224,235,174,27,5,NA,NA,6.26,NA,999
0,DB15,Harrison Smith,DB,MIN,87.2,8.7,0.679,81.6,93.6,-8.97,-9.01,-8.09,155,170,154,24,5,NA,NA,5.01,NA,999
133,,Danielle Hunter,DL,MIN,87,11.5,7.01,78.6,94.3,13.3,12.4,13.9,84,91,83,1,1,NA,NA,6.91,NA,999
0,LB18,A.J. Johnson,LB,DEN,86.9,2.4,0.697,85.2,88.5,-20.8,-15.1,-22.1,230,192,233,28,5,NA,NA,3.25,NA,999
0,DB16,Kareem Jackson,DB,DEN,86.5,2.26,2.02,84.9,88,-9.65,-5.78,-13.7,157,152,184,25,5,NA,NA,2.91,NA,999
0,LB19,Cory Littleton,LB,LVR,86.2,11.1,0.222,78.1,93.3,-21.5,-22.2,-17.2,234,231,204,29,5,NA,NA,5.32,NA,999
0,LB20,Jamie Collins,LB,DET,86,10.7,1.52,78.2,92.8,-21.7,-22.1,-17.7,236,230,206,30,5,NA,NA,5.22,NA,999
0,DB17,Bashaud Breeland,DB,MIN,84.5,NA,0.27,NA,NA,-11.7,NA,NA,164,NA,NA,26,5,NA,NA,NA,NA,999
0,LB21,Shaq Green-Thompson,LB,CAR,84.5,12.2,0.608,75.5,92.3,-23.2,-24.8,-18.3,249,253,209,31,5,NA,NA,5.59,NA,999
0,DB18,Darnell Savage,DB,GB,84.2,3.46,0.423,81.7,86.4,-11.9,-8.95,-15.2,166,168,195,27,5,NA,NA,3.3,NA,999
0,LB22,Devin Bush,LB,PIT,83.9,2.47,0.0156,82.1,85.5,-23.9,-18.2,-25.1,253,212,254,32,5,NA,NA,3.27,NA,999
0,LB23,Dre Greenlaw,LB,SF,83.9,7.42,0.369,79.1,89.3,-23.9,-21.2,-21.3,254,224,228,33,5,NA,NA,4.45,Q,999
0,DB19,Tracy Walker,DB,DET,83.8,6.58,0.508,79.6,88.6,-12.4,-11,-13,167,179,179,28,5,NA,NA,4.32,NA,999
0,LB24,Chris Kirksey,LB,HOU,83.5,10.7,0.194,76.7,91.3,-24.2,-23.6,-19.2,258,245,218,34,5,NA,NA,5.22,NA,999
0,DB20,Taron Johnson,DB,BUF,83.3,NA,0.708,NA,NA,-12.9,NA,NA,169,NA,NA,29,5,NA,NA,NA,NA,999
0,LB25,Dennis Gardeck,LB,ARI,83.3,NA,1.28,NA,NA,-24.4,NA,NA,260,NA,NA,35,5,NA,NA,NA,O,999
150,,Vonn Bell,DB,CIN,82.6,3.68,0.903,79.9,84.9,-13.6,-10.7,-16.7,174,177,200,30,5,NA,NA,3.37,NA,999
0,LB26,Shaquil Barrett,LB,TB,82,2.26,2.13,80.4,83.5,-25.7,-19.9,-27.1,269,219,266,36,6,NA,NA,3.22,NA,999
0,DB21,Kevin King,DB,GB,81.7,11.7,0.019,74.2,90.3,-14.5,-16.5,-11.4,179,202,166,31,5,NA,NA,6,NA,999
0,DB22,Marcus Peters,DB,BAL,81.7,10.2,0.541,75.2,89.2,-14.5,-15.5,-12.5,180,196,176,32,5,NA,NA,5.49,NA,999
0,DB23,Taylor Rapp,DB,LAR,81.1,4.38,0.0418,77.9,83.9,-15,-12.7,-17.7,183,185,207,33,5,NA,NA,3.6,NA,999
0,DB24,Eric Rowe,DB,MIA,81.1,10.8,0.0653,74.2,89,-15.1,-16.5,-12.6,184,203,177,34,5,NA,NA,5.7,NA,999
0,DB25,Adrian Phillips,DB,NE,81,9.19,0.0212,75.1,87.8,-15.1,-15.5,-13.9,185,197,187,35,5,NA,NA,5.17,NA,999
0,DB26,Keanu Neal,DB,DAL,81,NA,0.019,NA,NA,-15.2,NA,NA,188,NA,NA,36,5,NA,NA,NA,NA,999
0,DB27,Minkah Fitzpatrick,DB,PIT,81,1.56,0.0676,79.8,82,-15.2,-10.8,-19.7,189,178,220,37,5,NA,NA,2.68,NA,999
0,DB28,Kyle Fuller,DB,DEN,80.9,10.8,0.219,73,87.8,-15.3,-17.7,-13.8,191,210,185,38,5,NA,NA,5.7,NA,999
0,DB29,Marcus Maye,DB,NYJ,80.7,30.8,0.894,61,103,-15.5,-29.7,1.67,194,292,113,39,6,NA,NA,12.2,NA,999
0,DL1,Jason Pierre-Paul,DL,TB,80,2.26,0.318,78.5,81.6,6.28,12.3,1.26,96,92,115,2,1,NA,NA,3,NA,999
0,LB27,Khalil Mack,LB,CHI,79.9,13.2,0.446,70.2,88.3,-27.8,-30,-22.3,284,294,234,37,6,NA,NA,5.81,NA,999
0,DB30,Terrell Edmunds,DB,PIT,79.8,16.3,0.133,67.8,90.3,-16.4,-22.8,-11.4,199,240,167,40,6,NA,NA,7.5,NA,999
0,DB31,Eddie Jackson,DB,CHI,79.7,2.55,0.518,78,81.5,-16.5,-12.6,-20.1,200,184,224,41,6,NA,NA,3,NA,999
106,,Joey Bosa,DL,LAC,79.7,8.91,0.415,73.1,85.4,5.97,6.89,4.98,98,102,103,3,1,NA,NA,5.83,NA,999
0,LB28,Harold Landry,LB,TEN,79.4,19.9,0.796,64.8,92.2,-28.3,-35.5,-18.4,291,334,210,38,6,NA,NA,7.43,NA,999
0,DL2,Brian Burns,DL,CAR,79.2,1.91,0.282,77.8,80.5,5.55,11.6,0.085,99,94,119,4,1,NA,NA,2.84,NA,999
0,DB32,Rodney McLeod,DB,PHI,79.1,4.81,1.59,76.1,82.7,-17,-14.6,-19,205,191,215,42,6,NA,NA,3.74,O,999
0.4,,Myles Garrett,DL,CLE,79,17.6,2.72,66,90.2,5.27,-0.194,9.85,100,122,89,5,1,NA,NA,9.53,Q,999
0,LB29,Bobby Okereke,LB,IND,78.6,11.7,0.304,71.2,87.2,-29.1,-29.1,-23.4,298,288,240,39,6,NA,NA,5.46,NA,999
0,LB30,Donta Hightower,LB,NE,78.3,16.5,1.54,67.7,90.5,-29.4,-32.5,-20.1,302,309,222,40,6,NA,NA,6.62,NA,999
0,DB33,Janoris Jenkins,DB,TEN,77.6,0.849,0.256,77,78.2,-18.6,-13.6,-23.5,210,187,243,43,6,NA,NA,2.45,NA,999
0,DB34,Lonnie Johnson,DB,HOU,77.3,NA,0.0578,NA,NA,-18.9,NA,NA,211,NA,NA,44,6,NA,NA,NA,NA,999
0,DB35,James Bradberry,DB,NYG,77.2,4.95,0.142,74.1,80.9,-18.9,-16.6,-20.8,212,205,226,45,6,NA,NA,3.79,NA,999
0,DB36,Michael Davis,DB,LAC,77.1,NA,0.446,NA,NA,-19.1,NA,NA,213,NA,NA,46,6,NA,NA,NA,NA,999
0,LB31,Danny Trevathan,LB,CHI,76.8,13.4,0.256,68.2,86.7,-30.9,-32.1,-23.9,315,307,245,41,6,NA,NA,5.88,Q,999
0,DB37,Sean Bunting,DB,TB,76.7,20.1,0.154,63.8,91.4,-19.5,-26.8,-10.3,216,272,161,47,6,NA,NA,8.72,NA,999
0,DB38,Will Harris,DB,DET,76.5,NA,0.279,NA,NA,-19.7,NA,NA,218,NA,NA,48,6,NA,NA,NA,NA,999
0,LB32,Cole Holcomb,LB,WAS,76.5,7.57,0.182,71,81.4,-31.2,-29.3,-29.2,317,290,279,42,6,NA,NA,4.48,NA,999
0,LB33,DeVondre Campbell,LB,GB,76.4,3.61,3.7,74.1,79,-31.4,-26.2,-31.6,319,266,292,43,6,NA,NA,3.54,NA,999
0,DB39,Jaire Alexander,DB,GB,76.2,4.24,0.599,73.1,78.9,-19.9,-17.5,-22.7,220,208,237,49,6,NA,NA,3.56,Q,999
132,,DeForest Buckner,DL,IND,76.2,5.73,0.148,72,79.9,2.55,5.82,-0.472,107,105,123,6,1,NA,NA,4.47,NA,999
0,DL3,Cameron Jordan,DL,NO,76.1,6.72,0.019,71.2,80.4,2.4,4.94,0.0136,108,107,120,7,1,NA,NA,4.89,NA,999
0.37,,Aaron Donald,DL,LAR,76.1,8.27,0.583,70,81.4,2.38,3.78,0.991,109,111,117,8,1,NA,NA,5.56,NA,999
0,DB40,Daniel Sorensen,DB,KC,75.6,6.29,0.234,71.6,80.2,-20.5,-19,-21.4,226,214,230,50,6,NA,NA,4.22,NA,999
116,,Nick Bosa,DL,SF,75.5,7.64,1.8,69.9,80.4,1.8,3.66,0,112,113,121,9,2,NA,NA,5.28,Q,999
0,DB41,Duron Harmon,DB,ATL,75.4,28.1,0.222,57.4,96,-20.8,-33.2,-5.66,229,313,143,51,6,NA,NA,11.3,NA,999
0,DB42,Lamarcus Joyner,DB,NYJ,75.2,14,0.0143,66.2,85.4,-21,-24.4,-16.2,231,247,198,52,6,NA,NA,6.73,NA,999
0,DB43,Xavien Howard,DB,MIA,75.2,12.4,0.852,67.2,84.3,-21,-23.5,-17.4,232,242,205,53,6,NA,NA,6.23,NA,999
0,DB44,Avonte Maddox,DB,PHI,74.3,NA,0.333,NA,NA,-21.9,NA,NA,237,NA,NA,54,6,NA,NA,NA,NA,999
0,DB45,J.C. Jackson,DB,NE,74,12.2,0.0831,66.2,82.9,-22.2,-24.5,-18.8,241,248,213,55,6,NA,NA,6.14,NA,999
0,DB46,Josh Jones,DB,JAC,73.9,12.8,0.29,65.7,83.3,-22.3,-24.9,-18.4,242,255,212,56,6,NA,NA,6.34,NA,999
0,DL4,Romeo Okwara,DL,DET,73.7,12.5,0.719,65.7,82.9,0,-0.539,2.51,118,124,111,10,2,NA,NA,7.36,NA,999
0,DB47,Blessuan Austin,DB,NYJ,73.6,3.96,0.0167,71.1,76.5,-22.6,-19.6,-25.2,243,217,255,57,6,NA,NA,3.46,NA,999
0,DB48,Joe Haden,DB,PIT,73.6,10,0.177,67.1,81,-22.6,-23.5,-20.7,244,243,225,58,6,NA,NA,5.45,NA,999
0,DB49,Jaquiski Tartt,DB,SF,73.4,NA,0.8,NA,NA,-22.8,NA,NA,245,NA,NA,59,7,NA,NA,NA,O,999
118,,Haason Reddick,DL,CAR,73,9.19,0.224,66.2,78.9,-0.719,0,-1.52,120,121,126,11,2,NA,NA,5.95,NA,999
0,DL5,J.J. Watt,DL,ARI,72.8,16.4,2.91,60.7,83.3,-0.944,-5.52,2.87,121,151,108,12,2,NA,NA,9.02,O,999
0,LB34,Rashaan Evans,LB,TEN,72.7,1.27,0.0391,71.7,73.5,-35.1,-28.5,-37.1,356,285,342,44,6,NA,NA,2.98,NA,999
0,DB50,Jamel Dean,DB,TB,72.6,NA,0.473,NA,NA,-23.6,NA,NA,251,NA,NA,60,7,NA,NA,NA,NA,999
0,LB35,ZaDarius Smith,LB,GB,72.6,8.2,1.49,66.6,77.9,-35.1,-33.7,-32.7,357,323,301,45,6,NA,NA,4.63,Q,999
0,DB51,TreDavious White,DB,BUF,72.1,8.2,0.0133,66.1,77.4,-24,-24.5,-24.3,255,251,246,61,7,NA,NA,4.85,NA,999
0,DB52,Trayvon Mullen,DB,LVR,72.1,9.33,0.0139,66.1,79,-24.1,-24.5,-22.7,256,249,236,62,7,NA,NA,5.22,NA,999
0,DB53,Jonathan Jones,DB,NE,72.1,NA,0.357,NA,NA,-24.1,NA,NA,257,NA,NA,63,7,NA,NA,NA,NA,999
0,DB54,Denzel Ward,DB,CLE,71.7,8.77,0.0433,66.1,78.2,-24.4,-24.5,-23.5,259,250,242,64,7,NA,NA,5.03,Q,999
0,LB36,Josey Jewell,LB,DEN,71.1,0.212,0.372,71,71.3,-36.6,-29.3,-39.3,376,289,359,46,6,NA,NA,2.73,NA,999
0,LB37,Jon Bostic,LB,WAS,70.8,4.17,0.128,67.7,73.4,-37,-32.6,-37.1,379,310,343,47,6,NA,NA,3.67,NA,999
0,LB38,Anthony Barr,LB,MIN,70.6,0.212,3.24,70.5,70.8,-37.1,-29.8,-39.8,381,293,362,48,7,NA,NA,2.73,Q,999
0,DL6,Cameron Heyward,DL,PIT,69.8,5.59,1.32,65.7,73.4,-3.86,-0.488,-6.97,132,123,150,13,2,NA,NA,4.41,NA,999
0,DL7,Montez Sweat,DL,WAS,68.5,1.56,1.5,67.5,69.7,-5.18,1.3,-10.7,138,118,164,14,3,NA,NA,2.69,Q,999
0,LB39,Ja'Whaun Bentley,LB,NE,67.4,0.919,1.79,66.7,68,-40.3,-33.5,-42.6,400,317,386,49,7,NA,NA,2.9,NA,999
0,DL8,Dre'Mont Jones,DL,DEN,67,5.16,0.279,63.2,70.3,-6.68,-3,-10.1,142,136,160,15,3,NA,NA,4.23,NA,999
0,DL9,Josh Allen,DL,JAC,66.7,2.69,0.362,64.8,68.5,-6.96,-1.46,-11.9,143,127,172,16,3,NA,NA,3.18,NA,999
0,DL10,Sam Hubbard,DL,CIN,66.4,6.29,0.787,61.8,70.4,-7.32,-4.47,-9.98,144,144,158,17,3,NA,NA,4.71,NA,999
0,DL11,Leonard Williams,DL,NYG,65.6,7.5,0.358,60.1,70.4,-8.11,-6.14,-10,147,155,159,18,3,NA,NA,5.22,NA,999
0,LB40,Drue Tranquill,LB,LAC,65.6,23.8,0.528,50.4,83.1,-42.1,-49.9,-27.5,411,392,268,50,7,NA,NA,8.35,NA,999
0,DL12,Stephon Tuitt,DL,PIT,65.2,4.17,0.513,62.6,68.3,-8.47,-3.66,-12.1,153,142,173,19,3,NA,NA,3.81,NA,999
0,LB41,Benardrick McKinney,LB,MIA,65.1,8.27,0.437,59,70.4,-42.6,-41.3,-40.2,415,356,368,51,7,NA,NA,4.65,NA,999
0,DL13,Demarcus Lawrence,DL,DAL,64.7,8.06,0.689,58.8,69.9,-8.98,-7.43,-10.5,156,158,162,20,3,NA,NA,5.46,Q,999
0,LB42,Bradley Chubb,LB,DEN,64.6,14.3,1.02,54.1,73.8,-43.1,-46.1,-36.8,423,382,337,52,7,NA,NA,6.08,NA,999
0,DL14,Shelby Harris,DL,DEN,64,9.97,0.3,57.6,71.4,-9.67,-8.58,-9.03,158,166,156,21,3,NA,NA,6.28,NA,999
0,DL15,Brandon Graham,DL,PHI,63.7,3.46,0.407,61.2,65.9,-9.97,-5.04,-14.4,160,145,189,22,3,NA,NA,3.51,NA,999
0,LB43,Germaine Pratt,LB,CIN,63.6,10.1,0.206,57.2,71.1,-44.1,-43.1,-39.5,430,363,361,53,7,NA,NA,5.09,NA,999
0,LB44,Jarrad Davis,LB,NYJ,63.4,29.1,0.0228,42,82.1,-44.3,-58.3,-28.5,431,412,274,54,7,NA,NA,9.62,NA,999
0,LB45,Von Miller,LB,DEN,63.4,12.4,1.45,54.3,71.3,-44.3,-46,-39.3,432,380,358,55,7,NA,NA,5.62,NA,999
0,DL16,Jadeveon Clowney,DL,CLE,63.3,3.32,2.14,60.9,65.5,-10.4,-5.34,-14.9,161,149,192,23,4,NA,NA,3.45,NA,999
0,LB46,A.J. Klein,LB,BUF,61.9,4.67,0.727,58.5,64.9,-45.8,-41.8,-45.6,441,359,397,56,7,NA,NA,3.79,NA,999
0,DL17,Kenny Clark,DL,GB,61.2,3.54,0.398,58.6,63.4,-12.5,-7.64,-16.9,168,159,202,24,4,NA,NA,3.54,NA,999
0,LB47,Jordan Hicks,LB,ARI,61.2,10.3,1.54,54.7,68.7,-46.5,-45.6,-41.8,443,378,377,57,8,NA,NA,5.12,NA,999
0,DL18,Trey Flowers,DL,DET,60.8,2.62,0.308,58.9,62.5,-12.9,-7.36,-17.9,170,157,208,25,4,NA,NA,3.15,NA,999
0,DL19,Chris Jones,DL,KC,60.5,9.19,0.129,53.7,66.4,-13.2,-12.5,-14,172,182,188,26,4,NA,NA,5.95,NA,999
0,DL20,Jonathan Allen,DL,WAS,60.3,8.63,0.417,54,65.9,-13.3,-12.2,-14.5,173,181,191,27,4,NA,NA,5.71,NA,999
0,DL21,Whitney Mercilus,DL,HOU,59.9,20.5,1.39,46.8,75,-13.8,-19.4,-5.39,175,216,142,28,4,NA,NA,10.8,NA,999
0,LB48,Kyzir White,LB,LAC,59.7,15.8,0.471,48.1,69.8,-48.1,-52.2,-40.8,455,397,372,58,8,NA,NA,6.43,NA,999
0,LB49,Elandon Roberts,LB,MIA,59.2,NA,0.0975,NA,NA,-48.5,NA,NA,461,NA,NA,59,8,NA,NA,NA,NA,999
0,LB50,Leighton Vander Esch,LB,DAL,59.1,28.8,0.239,37.9,77.6,-48.6,-62.4,-33,464,432,310,60,8,NA,NA,9.55,NA,999
0,LB51,Anthony Hitchens,LB,KC,58.9,7.42,0.014,54.1,64.3,-48.9,-46.2,-46.3,468,383,403,61,8,NA,NA,4.45,NA,999
0,LB52,Bud Dupree,LB,TEN,58.8,8.63,0.183,52.5,64.4,-48.9,-47.8,-46.2,470,386,400,62,8,NA,NA,4.73,NA,999
0,LB53,Matt Judon,LB,NE,58.7,31,0.448,35.9,78.5,-49.1,-64.4,-32,471,436,298,63,8,NA,NA,10.1,NA,999
0,DL22,Yannick Ngakoue,DL,LVR,58.5,0.0707,0.0463,58.5,58.6,-15.2,-7.72,-21.8,186,160,232,29,4,NA,NA,2.06,NA,999
0,DL23,Justin Houston,DL,BAL,58.5,NA,0.0653,NA,NA,-15.2,NA,NA,190,NA,NA,30,4,NA,NA,NA,NA,999
0,DL24,Quinnen Williams,DL,NYJ,58.4,1.63,0.0347,57.2,59.5,-15.3,-8.99,-20.9,192,169,227,31,4,NA,NA,2.72,Q,999
0,DL25,Frank Clark,DL,KC,58.4,NA,0.42,NA,NA,-15.3,NA,NA,193,NA,NA,32,4,NA,NA,NA,Q,999
0,LB54,Kwon Alexander,LB,NO,58.2,41.6,0.167,27.6,84.9,-49.5,-72.7,-25.7,475,455,259,64,8,NA,NA,12.6,NA,999
0,DL26,Calais Campbell,DL,BAL,58,5.37,0.114,54,61.4,-15.7,-12.2,-19,196,180,214,33,4,NA,NA,4.32,NA,999
0,DL27,Maxx Crosby,DL,LVR,57.9,14.7,0.459,47.1,67.3,-15.8,-19.2,-13.1,197,215,181,34,4,NA,NA,8.3,NA,999
0,DL28,Emmanuel Ogbah,DL,MIA,57.4,0.141,0.709,57.3,57.5,-16.3,-8.92,-22.9,198,167,239,35,4,NA,NA,2.09,NA,999
0,DL29,Da'Ron Payne,DL,WAS,56.7,12.5,1.5,48.7,65.9,-17,-17.5,-14.5,204,209,190,36,5,NA,NA,7.36,NA,999
0,DL30,Carlos Dunlap,DL,SEA,55.2,9.62,1.35,48.1,61.4,-18.5,-18.1,-19,209,211,216,37,5,NA,NA,6.13,NA,999
0,DL31,Denico Autry,DL,TEN,53.9,2.83,0.651,52,55.9,-19.8,-14.2,-24.5,219,190,249,38,5,NA,NA,3.24,NA,999
0,DL32,Arik Armstead,DL,SF,53.2,5.8,0.192,48.9,56.9,-20.5,-17.3,-23.5,225,206,241,39,5,NA,NA,4.5,Q,999
0,DL33,Kerry Hyder,DL,SEA,53,0.778,1.32,52.5,53.6,-20.7,-13.7,-26.8,228,188,265,40,5,NA,NA,2.36,NA,999
0,DL34,Akiem Hicks,DL,CHI,51.7,18,0.124,38.4,63.2,-22,-27.8,-17.2,238,280,203,41,5,NA,NA,9.71,NA,999
0,DL35,Trey Hendrickson,DL,CIN,51.6,1.63,0.0653,50.5,52.8,-22.1,-15.7,-27.6,239,198,270,42,5,NA,NA,2.72,Q,999
0,DL36,Melvin Ingram,DL,PIT,51.5,NA,0.6,NA,NA,-22.2,NA,NA,240,NA,NA,43,5,NA,NA,NA,NA,999
0,DL37,Dante Fowler,DL,ATL,50.9,6.72,0.166,46.6,55.8,-22.8,-19.6,-24.6,246,218,251,44,5,NA,NA,4.89,NA,999
0,DL38,Derek Barnett,DL,PHI,50.7,7.99,0.495,45.6,56.6,-23,-20.6,-23.8,247,221,244,45,5,NA,NA,5.43,NA,999
0,DL39,Fletcher Cox,DL,PHI,50.2,6.51,0.327,45.5,54.4,-23.5,-20.8,-26,250,223,261,46,5,NA,NA,4.8,NA,999
0,DL40,Lawrence Guy,DL,NE,49.9,15.1,0.877,40.2,61,-23.8,-26,-19.4,252,264,219,47,6,NA,NA,8.48,NA,999
0,DL41,Grady Jarrett,DL,ATL,49,8.34,0.235,42.9,54.4,-24.7,-23.3,-26,262,241,262,48,6,NA,NA,5.59,NA,999
0,DL42,Randy Gregory,DL,DAL,48.8,9.62,1.97,42.6,55.9,-24.9,-23.6,-24.5,264,244,250,49,6,NA,NA,6.13,Q,999
0,DL43,Carl Lawson,DL,NYJ,46.8,8.13,0.746,41.6,52.8,-26.9,-24.6,-27.6,279,252,269,50,6,NA,NA,5.49,O,999
0,DL44,Dexter Lawrence,DL,NYG,46.1,8.27,0.295,40,51.4,-27.6,-26.2,-29,282,267,277,51,6,NA,NA,5.56,NA,999
0,DL45,Christian Wilkins,DL,MIA,45.8,2.62,0.0648,43.9,47.5,-27.9,-22.4,-32.9,285,232,306,52,6,NA,NA,3.15,NA,999
0,DL46,Ed Oliver,DL,BUF,45.7,2.72,0.00881,43.7,47.5,-28,-22.5,-32.9,286,234,307,53,6,NA,NA,3.19,NA,999
0,DL47,Dee Ford,DL,SF,45.7,1.2,0.627,44.8,46.5,-28,-21.4,-33.9,288,227,320,54,6,NA,NA,2.54,NA,999
0,DL48,Mario Addison,DL,BUF,45.1,7,0.014,40.6,50.2,-28.6,-25.6,-30.2,293,261,286,55,6,NA,NA,5.01,NA,999
0,DL49,Ndamukong Suh,DL,TB,45.1,9.05,0.271,38.4,50.9,-28.6,-27.8,-29.5,294,281,282,56,6,NA,NA,5.89,NA,999
0,DL50,Greg Gaines,DL,LAR,44.8,NA,0.181,NA,NA,-28.9,NA,NA,295,NA,NA,57,6,NA,NA,NA,NA,999
0,DL51,Josh Sweat,DL,PHI,44.6,5.16,0.0188,40.8,47.9,-29.1,-25.4,-32.5,297,258,299,58,6,NA,NA,4.23,NA,999
0,DL52,Tim Settle,DL,WAS,44.6,NA,0.203,NA,NA,-29.1,NA,NA,299,NA,NA,59,6,NA,NA,NA,NA,999
0,DL53,Marcus Davenport,DL,NO,44.4,4.74,0.834,40.9,47.4,-29.3,-25.3,-33,301,257,308,60,6,NA,NA,4.05,NA,999
0,DL54,Jeffery Simmons,DL,TEN,43.6,6.01,0.749,39.1,47.4,-30.1,-27.1,-33,309,274,309,61,7,NA,NA,4.59,NA,999
0,DL55,Sheldon Richardson,DL,MIN,42.8,4.1,0.914,39.8,45.4,-30.9,-26.4,-34.9,314,269,327,62,7,NA,NA,3.78,NA,999
0,DL56,Grover Stewart,DL,IND,41.9,NA,0.113,NA,NA,-31.8,NA,NA,323,NA,NA,63,7,NA,NA,NA,NA,999
0,DL57,Kemoko Turay,DL,IND,41.9,NA,0,NA,NA,-31.8,NA,NA,323,NA,NA,63,7,NA,NA,NA,NA,999